"File","Job"
"1002164.csv","CopyOfJx_REPART_05_CONVERT_CSV_XLS_IDE12"
"1002164.csv","Jx_REPART_05_CONVERT_CSV_XLS_IDE12"
"SF_01_WEBDR_ELIZA_PIVOT_PENEL_PENEF.csv","Jx_TRACO_02_WEBDR_ELIZA_PIVOT_PENEL_PENEF"
"SF_01_WEBDR_ELIZA_PIVOT_PENEL_PENEF.csv","Jx_TRACO_04_WEBDR_ELIZA_PIVOT_PENEL_OEUVCTX"
"SF_01_WEBDR_ELIZA_PIVOT_PENEL_PENEF.csv","Jx_TRACO_01_WEBDR_ELIZA_PIVOT_PENEL_PENEF"
"DS_01_EXTR_RELATLIGOEUV.ds","Jx_TRACO_01_EXTR_RELATLIGOEUV"
"SF_EXTRACT_BI_IDE12CMPLX_EN.csv","Jx_REPART_02_CALC_MT_OEUV_IDE12CMPLX_CSV"
"NB_FONC_09_APP_DFN004_ROUTAG_FEUILLETN_EDIT_REQ.csv","Jx_FEUILLET_06_CREAT_REJ_VIDE"
"DS_06_EXTR_PENEF_OEUVCTX_PT.ds","Jx_TRACO_06_EXTR_PENEF_OEUVCTX_PT"
"647_CTX_OEUV.csv","Jx_TRACO_03_EXTR_PENEF_OEUVCTX"
"DS_02_RAP_WEBDR_ELIZA_PIVOT_ULYSS.ds","Jx_TRACO_04_RAP_WEBDR_ELIZA_PIVOT_OK_KO_ULYSS"
"DS_03_RAP_WEBDR_ELIZA_PIVOT_KO.ds","Jx_TRACO_08_FUSION_WEBDR_ELIZA_PIVOT_OK_KO_A_completer_colonnes"
"DS_03_RAP_WEBDR_ELIZA_PIVOT_KO.ds","Jx_TRACO_03_RAP_WEBDR_ELIZA_PIVOT_KO_ULYSS"
"AD_FEUILLETN_GED_REQ.ds","Jx_FEUILLET_03_CTRL_COPSS_ROUTAGE_GED"
"AD_FEUILLETN_GED_REQ.ds","Jx_FEUILLET_03_APP_ROUTAGE_GED_OSCAR_PENEF"
"DS_01_EXTR_AD.ds","Jx_TRACO_03_EXTR_AD"
"ROUTAG_FEUILLETN_EDIT_REQ_PENEF.csv","Jx_FEUILLET_02_APP_ROUTAGE_EDIT_OSCAR_PENEF"
"FIC_RESULTAT_DECOMPTE.csv","Jx_FEUILLET_01_FMT_ROUTAGE_EDIT_OSCAR_PENEF"
"DS_05_EXTR_PENEF_INFOAD_KEYLIG.ds","Jx_TRACO_05_EXTR_PENEF_INFOAD_KEYLIG"
"DS_05_EXTR_PENEF_INFOAD_KEYLIG.ds","Jx_TRACO_06_LOAD_INFOAD_KEYLIG"
"Ds_LABISValidODSfSELDR01Extr29_HZ_PARTY_SITES_USES.ds","Jx_LABISValidODSfSELDR02Trans05TIERS"
"Ds_LABISValidODSfSELDR01Extr29_HZ_PARTY_SITES_USES.ds","Jx_LABISValidODSfSELDR01Extr29_HZ_PARTY_SITES_USES"
"DFN004.ds","Jx_FEUILLET_06_CTRL_COPSS_AUTOFACT"
"DFN004.ds","Jx_FEUILLET_09_APP_AUTOFACT_ROUTAGE_EDIT"
"DFN004.ds","Jx_FEUILLET_08_APP_ROUTAGE_EDIT_AUTOFACT"
"AD_FEUILLETN_GED_REQ.txt","Jx_FEUILLET_03_CTRL_COPSS_ROUTAGE_GED"
"REJETS_NB*.csv","Jx_FEUILLET_02_CPTR_REJETS_NB"
"DS_PENEF_EXTRANA_ONIDE.ds","Jx_ONIDE_03_EXTR_PENEF"
"DS_PENEF_EXTRANA_ONIDE.ds","Jx_ONIDE_01_FMT_ROUTAGE_EDIT_CATEL"
"DS_02_EXTR_PENEL_DATDECL_IDFIC_IDEXPLOIT.ds","Jx_TRACO_02_EXTR_PENEL_DATDECL_IDFIC_IDEXPLOIT"
"DS_02_EXTR_PENEL_DATDECL_IDFIC_IDEXPLOIT.ds","Jx_TRACO_06_RAP_PENEL_RECUP_KEYLIG"
"DS_02_EXTR_PENEL_DATDECL_IDFIC_IDEXPLOIT.ds","Jx_TRACO_07_RAP_PENEL_RECUP_NUMSEQFELIX"
"DS_02_EXTR_PENEL_DATDECL_IDFIC_IDEXPLOIT.ds","Jx_TRACO_05_EXTR_PENEL_KEYLIG"
"ROUTAG_FEUILLETN_EDIT_REQ.ds","Jx_FEUILLET_02_CTRL_COPSS_ROUTAGE_EDIT"
"ROUTAG_FEUILLETN_EDIT_REQ.ds","Jx_FEUILLET_02_APP_ROUTAGE_EDIT_OSCAR_PENEF"
"SF_EXTRACT_BI_IDE12CMPLX_FR.csv","Jx_REPART_02_CALC_MT_OEUV_IDE12CMPLX_CSV"
"20190619010010.csv","Jx_FEUILLET_01_CTRL_OSCAR"
"20190729_115228_Filtre.csv","Jx_TRACO_07_FMT_ELIZA_WEBDR_PIVOT_PENEL_PENEF_Resultat_Final"
"Ds_LABISValidODSfOCTAV_NOMPARTPT.ds","Jx_LABISValidODSfOCTAV01ExtrNOMPARTPT"
"Ds_LABISValidODSfOCTAV_NOMPARTPT.ds","Jx_LABISValidODSfOCTAV02Tran_PARTICIPANT"
"SF_Liste_COAD_IDE12_FR_26","Jx_REPART_01_EXTR_BI_IDE12_3"
"FIC_RESULTAT_GED_OSCAR.csv","Jx_FEUILLET_01_FMT_ROUTAGE_EDIT_OSCAR_PENEF"
"SF_Liste_COAD_IDE12_FR_24","Jx_REPART_01_EXTR_BI_IDE12_3"
"_20190521112120.csv","Jx_TRACO_01_EXTR_PENEF_INFOAD"
"_20190521112120.csv","Jx_TRACO_01_EXTR_CTRL_WEBDR"
"_20190521112120.csv","Jx_TRACO_02_EXTR_PENEF_KEYLIG"
"_20190521112120.csv","Jx_TRACO_03_EXTR_PENEF_OEUVCTX"
"_20190521112120.csv","Jx_TRACO_01_EXTR_PENEF_INFOAD"
"SF_Liste_COAD_IDE12_FR_22","Jx_REPART_01_EXTR_BI_IDE12_3"
"SF_Liste_COAD_IDE12_FR_23","Jx_REPART_01_EXTR_BI_IDE12_3"
"SF_Liste_COAD_IDE12_FR_20","Jx_REPART_01_EXTR_BI_IDE12_3"
"SF_Liste_COAD_IDE12_FR_21","Jx_REPART_01_EXTR_BI_IDE12_3"
"LISTE_IDFIC_PROG_ELIZA_WEBDRPAR_LISTE_IDFIC_PROG_ELIZA_WEBDR","Jx_TRACO_03_RAP_WEBDR_ELIZA_PIVOT"
"ROUTAG_FEUILLETN_EDIT_REQ_OSCAR.csv","Jx_FEUILLET_02_APP_ROUTAGE_EDIT_OSCAR_PENEF"
"DS_03_RAP_WEBDR_ELIZA_PIVOT_OK.ds","Jx_TRACO_02_RAP_WEBDR_ELIZA_PIVOT_OK_ULYSS"
"DS_03_RAP_WEBDR_ELIZA_PIVOT_OK.ds","Jx_TRACO_03_RAP_WEBDR_ELIZA_PIVOT"
"DS_03_RAP_WEBDR_ELIZA_PIVOT_OK.ds","Jx_TRACO_07_RAP_WEBDR_ELIZA_PIVOT_OK"
"DS_EXTRACT_PENEF.ds","Jx_FEUILLET_02_APP_ROUTAGE_EDIT_OSCAR_PENEF"
"DS_EXTRACT_PENEF.ds","Jx_FEUILLET_03_EXTR_PENEF"
"DS_EXTRACT_PENEF.ds","Jx_FEUILLET_03_APP_ROUTAGE_GED_OSCAR_PENEF"
".ds","Jx_REPART_02_ECLAT_LISTE_BI_IDE122_Test1"
"DS_ELIZA_PROG_OEUVRE_PJ.ds","Jx_TRACO_01_EXTR_ELIZAT_PROG_OEUV_PJ"
"Ds_LABISValidODSfSELDR01Extr05_OKC_K_PARTY_ROLES_B.ds","Jx_LABISValidODSfSELDR01Extr05_OKC_K_PARTY_ROLES_B"
"Ds_LABISValidODSfSELDR01Extr05_OKC_K_PARTY_ROLES_B.ds","Jx_LABISValidODSfSELDR02Trans15PROGRAMME"
"Ds_LABISValidODSfSELDR01Extr05_OKC_K_PARTY_ROLES_B.ds","Jx_LABISValidODSfSELDR02Trans18CONTRATROLE"
"DS_02_EXTR_PENEF_KEYLIG.ds","Jx_TRACO_05_RAP_OEUVCTX_INFOAD_KEYLIG"
"DS_02_EXTR_PENEF_KEYLIG.ds","Jx_TRACO_05_EXTR_PENEF_INFOAD_KEYLIG"
"DS_02_EXTR_PENEF_KEYLIG.ds","Jx_TRACO_02_EXTR_PENEF_KEYLIG"
"DS_02_EXTR_PENEF_KEYLIG.ds","Jx_TRACO_04_EXTR_PENEF_OEUVCTX_KEYLIG"
"DS_02_EXTR_PENEF_KEYLIG.ds","Jx_TRACO_07_EXTR_PENEF_OEUVCTX_KEYLIG"
".csv","Jx_TRACO_01_APP_ELIZA_WEBDR_PT"
"DS_RAP_ROUTAGE_EDIT_OSCAR_PENEF_DECOMPTE.ds","Jx_FEUILLET_06_APP_ROUTAGE_EDIT_DECOMPTE"
"DS_RAP_ROUTAGE_EDIT_OSCAR_PENEF_DECOMPTE.ds","Jx_FEUILLET_07_APP_DECOMPTE_ROUTAGE_EDIT"
"DS_03_RAP_WEBDR_ELIZA_PIVOT_KO_ULYSS.ds","Jx_TRACO_02_RAP_WEBDR_ELIZA_PIVOT_OK_ULYSS"
"DS_03_RAP_WEBDR_ELIZA_PIVOT_KO_ULYSS.ds","Jx_TRACO_03_RAP_WEBDR_ELIZA_PIVOT_KO_ULYSS"
"DS_ELIZA_PROG_OEUVRE.ds","Jx_TRACO_03_EXTR_ELIZAT_PROG_OEUV"
"FF_EXTRACT_POPULATION_OSCAR.csv","Jx_FEUILLET_01_CTRL_OSCAR"
"SF_Liste_COAD_IDE12_FR_13","Jx_REPART_01_EXTR_BI_IDE12_3"
"SF_Liste_COAD_IDE12_FR_13","Jx_REPART_01_EXTR_BI_IDE12_2"
"SF_Liste_COAD_IDE12_FR_12","Jx_REPART_01_EXTR_BI_IDE12_3"
"SF_Liste_COAD_IDE12_FR_12","Jx_REPART_01_EXTR_BI_IDE12_2"
"SF_Liste_COAD_IDE12_FR_11","Jx_REPART_01_EXTR_BI_IDE12_3"
"SF_Liste_COAD_IDE12_FR_11","Jx_REPART_01_EXTR_BI_IDE12_2"
"SF_Liste_COAD_IDE12_FR_10","Jx_REPART_01_EXTR_BI_IDE12_3"
"SF_Liste_COAD_IDE12_FR_10","Jx_REPART_01_EXTR_BI_IDE12_2"
"SF_Liste_COAD_IDE12_FR_10","Jx_REPART_02_ECLAT_LISTE_BI_IDE122"
"SF_Liste_COAD_IDE12_FR_17","Jx_REPART_01_EXTR_BI_IDE12_3"
"SF_Liste_COAD_IDE12_FR_16","Jx_REPART_01_EXTR_BI_IDE12_3"
"SF_Liste_COAD_IDE12_FR_15","Jx_REPART_01_EXTR_BI_IDE12_3"
"SF_Liste_COAD_IDE12_FR_15","Jx_REPART_01_EXTR_BI_IDE12_2"
"SF_Liste_COAD_IDE12_FR_14","Jx_REPART_01_EXTR_BI_IDE12_3"
"SF_Liste_COAD_IDE12_FR_14","Jx_REPART_01_EXTR_BI_IDE12_2"
"SF_Liste_COAD_IDE12_FR_19","Jx_REPART_01_EXTR_BI_IDE12_3"
"SF_Liste_COAD_IDE12_FR_18","Jx_REPART_01_EXTR_BI_IDE12_3"
"DFN003.csv","Jx_FEUILLET_05_CTRL_COPSS_DECOMPTE"
"DFN003.csv","Jx_FEUILLET_06_APP_ROUTAGE_EDIT_DECOMPTE"
"DFN003.csv","Jx_FEUILLET_06_APP_ROUTAGE_EDIT_DECOMPTE"
"PAR_FIC_LISTE_COAD_IDE12_EN","Jx_REPART_01_EXTR_BI_IDE12"
"DFN003.txt","Jx_FEUILLET_05_CTRL_COPSS_DECOMPTE"
"DS_04_EXTR_PENEF_OEUVCTX_KEYLIG.ds","Jx_TRACO_04_EXTR_PENEF_OEUVCTX_KEYLIG"
"Ds_LABISValidODSfOSCAR02Trans17PARAMPROMO.ds","Jx_LABISValidODSfOSCAR02Trans17PARAMPROMO"
"DS_01_WEBDR_ELIZA_PIVOT_PENEL_PENEF.ds","Jx_TRACO_02_WEBDR_ELIZA_PIVOT_PENEL_PENEF"
"DS_01_WEBDR_ELIZA_PIVOT_PENEL_PENEF.ds","Jx_TRACO_01_WEBDR_ELIZA_PIVOT_PENEL_PENEF"
"DS_01_APP_ELIZA_WEBDR_PT.ds","Jx_TRACO_01_APP_ELIZA_WEBDR_PT"
"DS_07_EXTR_PENEF_OEUVCTX_KEYLIG.ds","Jx_TRACO_09_RAP_ELIZA_WEBDR_PIVOT_PENEL_PENEF_OEUVCTX_KEYLIG"
"DS_07_EXTR_PENEF_OEUVCTX_KEYLIG.ds","Jx_TRACO_07_EXTR_PENEF_OEUVCTX_KEYLIG"
"DS_EXTRACT_BI_IDE12CMPLX_FR.ds","Jx_REPART_01_EXTR_BI_IDE12CMPLX"
"DS_EXTRACT_BI_IDE12CMPLX_FR.ds","Jx_REPART_01_EXTR_BI_IDE12CMPLX_2"
"DS_EXTRACT_BI_IDE12CMPLX_FR.ds","Jx_REPART_02_CALC_MT_OEUV_IDE12CMPLX_CSV"
"DS_Extract_PIVOT_SEANCES.ds","Jx_TRACO_05_EXTR_PIVOT_SEANCES"
"Ds_LABISValidODSfSELDR01Extr27_HZ_PARTY_SITES.ds","Jx_LABISValidODSfSELDR02Trans05TIERS"
"Ds_LABISValidODSfSELDR01Extr27_HZ_PARTY_SITES.ds","Jx_LABISValidODSfSELDR01Extr27_HZ_PARTY_SITES"
"DS_04_WEBDR_ELIZA_PIVOT_PENEL_OEUVCTX.ds","Jx_TRACO_04_WEBDR_ELIZA_PIVOT_PENEL_OEUVCTX"
"LISTE_IDEXPLOIT_PENELPAR_LISTE_IDEXPLOIT_PENEL","Jx_TRACO_02_EXTR_PENEL_DATDECL_IDFIC_IDEXPLOIT"
"DS_05_EXTR_RELATLIGOEUV_OEUVCTX_AD_INFOAD.ds","Jx_TRACO_05_EXTR_RELATLIGOEUV_OEUVCTX_AD_INFOAD"
"SF_01_EXTR_PENEF_INFOAD_FILTRE.csv","Jx_TRACO_01_EXTR_PENEF_INFOAD_FILTRE"
"SF_Liste_COAD_IDE12_FR_04","Jx_REPART_01_EXTR_BI_IDE12_3"
"SF_Liste_COAD_IDE12_FR_04","Jx_REPART_01_EXTR_BI_IDE12_2"
"SF_Liste_COAD_IDE12_FR_04","Jx_REPART_02_ECLAT_LISTE_BI_IDE122"
"SF_Liste_COAD_IDE12_FR_05","Jx_REPART_01_EXTR_BI_IDE12_3"
"SF_Liste_COAD_IDE12_FR_05","Jx_REPART_01_EXTR_BI_IDE12_2"
"SF_Liste_COAD_IDE12_FR_05","Jx_REPART_02_ECLAT_LISTE_BI_IDE122"
"SF_Liste_COAD_IDE12_FR_06","Jx_REPART_01_EXTR_BI_IDE12_3"
"SF_Liste_COAD_IDE12_FR_06","Jx_REPART_01_EXTR_BI_IDE12_2"
"SF_Liste_COAD_IDE12_FR_06","Jx_REPART_02_ECLAT_LISTE_BI_IDE122"
"SF_Liste_COAD_IDE12_FR_07","Jx_REPART_01_EXTR_BI_IDE12_3"
"SF_Liste_COAD_IDE12_FR_07","Jx_REPART_01_EXTR_BI_IDE12_2"
"SF_Liste_COAD_IDE12_FR_07","Jx_REPART_02_ECLAT_LISTE_BI_IDE122"
"SF_Liste_COAD_IDE12_FR_01","Jx_REPART_01_EXTR_BI_IDE12_3"
"SF_Liste_COAD_IDE12_FR_01","Jx_REPART_01_EXTR_BI_IDE12_2"
"SF_Liste_COAD_IDE12_FR_01","Jx_REPART_02_ECLAT_LISTE_BI_IDE122"
"SF_Liste_COAD_IDE12_FR_02","Jx_REPART_01_EXTR_BI_IDE12_3"
"SF_Liste_COAD_IDE12_FR_02","Jx_REPART_01_EXTR_BI_IDE12_2"
"SF_Liste_COAD_IDE12_FR_02","Jx_REPART_02_ECLAT_LISTE_BI_IDE122"
"SF_Liste_COAD_IDE12_FR_03","Jx_REPART_01_EXTR_BI_IDE12_3"
"SF_Liste_COAD_IDE12_FR_03","Jx_REPART_01_EXTR_BI_IDE12_2"
"SF_Liste_COAD_IDE12_FR_03","Jx_REPART_02_ECLAT_LISTE_BI_IDE122"
"DS_01_EXTR_ELIZAT_PROG_OEUV_PT.ds","Jx_TRACO_01_APP_WEBDR_ELIZA_PT"
"DS_01_EXTR_ELIZAT_PROG_OEUV_PT.ds","Jx_TRACO_01_EXTR_ELIZAT_PROG_OEUV_PT"
"DS_01_EXTR_ELIZAT_PROG_OEUV_PT.ds","Jx_TRACO_01_APP_ELIZA_WEBDR_PT"
"DS_RAP_DECOMPTE_ROUTAGE_EDIT_OSCAR_PENEF.ds","Jx_FEUILLET_01_FMT_ROUTAGE_EDIT_OSCAR_PENEF"
"DS_RAP_DECOMPTE_ROUTAGE_EDIT_OSCAR_PENEF.ds","Jx_FEUILLET_07_APP_DECOMPTE_ROUTAGE_EDIT"
"SF_Liste_COAD_IDE12_FR_08","Jx_REPART_01_EXTR_BI_IDE12_3"
"SF_Liste_COAD_IDE12_FR_08","Jx_REPART_01_EXTR_BI_IDE12_2"
"SF_Liste_COAD_IDE12_FR_08","Jx_REPART_02_ECLAT_LISTE_BI_IDE122"
"DS_04_RAP_OEUVCTX_INFOAD.ds","Jx_TRACO_05_RAP_OEUVCTX_INFOAD_KEYLIG"
"DS_04_RAP_OEUVCTX_INFOAD.ds","Jx_TRACO_04_RAP_OEUVCTX_INFOAD"
"SF_Liste_COAD_IDE12_FR_09","Jx_REPART_02_ECLAT_LISTE_BI_IDE122"
"DS_EXTRACT_BI_IDE12_FR.ds","Jx_REPART_01_EXTR_BI_IDE12"
"DS_EXTRACT_BI_IDE12_FR.ds","Jx_REPART_01_EXTR_BI_IDE12_3"
"DS_EXTRACT_BI_IDE12_FR.ds","Jx_REPART_02_CALC_MT_OEUV_IDE12_CSV"
"DS_EXTRACT_BI_IDE12_FR.ds","Jx_REPART_01_EXTR_BI_IDE12_2"
"DS_EXTRACT_BI_IDE12_FR.ds","Jx_REPART_02_ECLAT_LISTE_BI_IDE122"
"DS_EXTRACT_BI_IDE12_FR.ds","Jx_REPART_02_ECLAT_LISTE_BI_IDE122_Test1"
"647_KEYLIGPENEL.csv","Jx_TRACO_02_EXTR_PENEF_KEYLIG"
"DS_01_EXTR_OEUVCTX.ds","Jx_TRACO_02_EXTR_OEUVCTX"
"DS_05_EXTR_PENEL_KEYLIG.ds","Jx_TRACO_06_RAP_PENEL_RECUP_KEYLIG"
"DS_05_EXTR_PENEL_KEYLIG.ds","Jx_TRACO_07_RAP_PENEL_RECUP_NUMSEQFELIX"
"DS_05_EXTR_PENEL_KEYLIG.ds","Jx_TRACO_05_EXTR_PENEL_KEYLIG"
"DS_01_EXTR_CTRL_WEBDR.ds","Jx_TRACO_01_APP_WEBDR_ELIZA_PT"
"DS_01_EXTR_CTRL_WEBDR.ds","Jx_TRACO_01_EXTR_CTRL_WEBDR"
"DS_01_EXTR_CTRL_WEBDR.ds","Jx_TRACO_01_APP_ELIZA_WEBDR_PT"
"DS_08_EXTR_PENEF_OEUVCTX_AD.ds","Jx_TRACO_08_EXTR_PENEF_OEUVCTX_AD"
"TMP_FF_PENEF_EXTRANA_ONIDE_20190702150043.csvCORPSPAR_NOM_FIC_CATEL","Jx_ONIDE_01_FMT_ROUTAGE_EDIT_CATEL"
"DFN003.ds","Jx_FEUILLET_05_CTRL_COPSS_DECOMPTE"
"DFN003.ds","Jx_FEUILLET_06_APP_ROUTAGE_EDIT_DECOMPTE"
"DFN003.ds","Jx_FEUILLET_07_APP_DECOMPTE_ROUTAGE_EDIT"
"SF_Liste_COAD_IDE12CMPLX_FR_12","Jx_REPART_01_EXTR_BI_IDE12CMPLX_2"
"SF_Liste_COAD_IDE12CMPLX_FR_13","Jx_REPART_01_EXTR_BI_IDE12CMPLX_2"
"DS_ELIZA_PROG_OEUVRE_PJ_ANIS.ds","Jx_TRACO_03_EXTR_ELIZAT_PROG_OEUV_PJ_ANIS"
"DS_06_RAP_ELIZA_WEBDR_PIVOT_PENEL_PENEF.ds","Jx_TRACO_07_FMT_ELIZA_WEBDR_PIVOT_PENEL_PENEF_Resultat_Final"
"SF_Liste_COAD_IDE12CMPLX_FR_14","Jx_REPART_01_EXTR_BI_IDE12CMPLX_2"
"SF_Liste_COAD_IDE12CMPLX_FR_15","Jx_REPART_01_EXTR_BI_IDE12CMPLX_2"
"DFN001.txt","Jx_FEUILLET_04_CTRL_COPSS_RELEVE"
"SF_EXTRACT_BI_IDE12_FR.csv","Jx_REPART_02_CALC_MT_OEUV_IDE12_CSV"
"DS_EXTRACT_BI_IDE12CMPLX_EN.ds","Jx_REPART_01_EXTR_BI_IDE12CMPLX"
"DS_EXTRACT_BI_IDE12CMPLX_EN.ds","Jx_REPART_01_EXTR_BI_IDE12CMPLX_2"
"DS_EXTRACT_BI_IDE12CMPLX_EN.ds","Jx_REPART_02_CALC_MT_OEUV_IDE12CMPLX_CSV"
"ExtrOCTAVT_NOMPARTPT.ds","LABISExtrOCTAV01OCTAVT_NOMPARTPT"
"ExtrOCTAVT_NOMPARTPT.ds","LABISChrgOCTAV01OCTAVT_NOMPARTPT"
"Ds_LABISValidODSfOCTAV_PARTPT.ds","Jx_LABISValidODSfOCTAV01ExtrPARTPT"
"Ds_LABISValidODSfOCTAV_PARTPT.ds","Jx_LABISValidODSfOCTAV02Tran_PARTICIPANT"
"DS_RAP_RELEVE_ROUTAGE_EDIT_OSCAR_PENEF.ds","Jx_FEUILLET_05_APP_RELEVE_ROUTAGE_EDIT"
"DS_RAP_RELEVE_ROUTAGE_EDIT_OSCAR_PENEF.ds","Jx_FEUILLET_01_FMT_ROUTAGE_EDIT_OSCAR_PENEF"
"DS_08_FUSION_WEBDR_ELIZA_PIVOT_OK_KO.ds","Jx_TRACO_03_APP_WEBDER_ELIZA_PIVOT_OK_KO_PENEL"
"DS_08_FUSION_WEBDR_ELIZA_PIVOT_OK_KO.ds","Jx_TRACO_08_FUSION_WEBDR_ELIZA_PIVOT_OK_KO_A_completer_colonnes"
"DS_08_FUSION_WEBDR_ELIZA_PIVOT_OK_KO.ds","Jx_TRACO_04_RAP_WEBDR_ELIZA_PIVOT_OK_KO_ULYSS"
"REJETS_BL*.csv","Jx_FEUILLET_03_CPTR_REJETS_BL"
"DS_01_EXTR_ULYSS.ds","Jx_TRACO_02_RAP_WEBDR_ELIZA_PIVOT_OK_ULYSS"
"DS_01_EXTR_ULYSS.ds","Jx_TRACO_01_EXTR_ULYSS"
"DS_01_EXTR_ULYSS.ds","Jx_TRACO_04_RAP_WEBDR_ELIZA_PIVOT_OK_KO_ULYSS"
"DS_01_EXTR_ULYSS.ds","Jx_TRACO_03_RAP_WEBDR_ELIZA_PIVOT_KO_ULYSS"
"FF_EXTRACT_POPULATION_OSCAR.ds","Jx_FEUILLET_01_CTRL_OSCAR"
"FF_EXTRACT_POPULATION_OSCAR.ds","Jx_FEUILLET_02_APP_ROUTAGE_EDIT_OSCAR_PENEF"
"FF_EXTRACT_POPULATION_OSCAR.ds","Jx_FEUILLET_03_APP_ROUTAGE_GED_OSCAR_PENEF"
"FIC_RESULTAT_EDIT_OSCAR.csv","Jx_FEUILLET_01_FMT_ROUTAGE_EDIT_OSCAR_PENEF"
"SF_EXTRACT_BI_IDE12_EN.csv","Jx_REPART_02_CALC_MT_OEUV_IDE12_CSV"
"SF_Liste_COAD_IDE12CMPLX_FR_03","Jx_REPART_01_EXTR_BI_IDE12CMPLX_2"
"DS_RAP_ROUTAGE_EDIT_OSCAR_PENEF.ds","Jx_FEUILLET_01_FMT_ROUTAGE_EDIT_OSCAR_PENEF"
"DS_RAP_ROUTAGE_EDIT_OSCAR_PENEF.ds","Jx_FEUILLET_02_APP_ROUTAGE_EDIT_OSCAR_PENEF"
"DS_RAP_ROUTAGE_EDIT_OSCAR_PENEF.ds","Jx_FEUILLET_06_APP_ROUTAGE_EDIT_DECOMPTE"
"DS_RAP_ROUTAGE_EDIT_OSCAR_PENEF.ds","Jx_FEUILLET_08_APP_ROUTAGE_EDIT_AUTOFACT"
"DS_RAP_ROUTAGE_EDIT_OSCAR_PENEF.ds","Jx_FEUILLET_04_APP_ROUTAGE_EDIT_RELEVE"
"SF_Liste_COAD_IDE12CMPLX_FR_01","Jx_REPART_01_EXTR_BI_IDE12CMPLX_2"
"DS_05_RAP_OEUVCTX_INFOAD_KEYLIG.ds","Jx_TRACO_05_RAP_OEUVCTX_INFOAD_KEYLIG"
"DS_05_RAP_OEUVCTX_INFOAD_KEYLIG.ds","Jx_TRACO_01_WEBDR_ELIZA_PIVOT_PENEL_PENEF"
"DS_RAP_ROUTAGE_EDIT_OSCAR_PENEF_AUTOFACT.ds","Jx_FEUILLET_09_APP_AUTOFACT_ROUTAGE_EDIT"
"DS_RAP_ROUTAGE_EDIT_OSCAR_PENEF_AUTOFACT.ds","Jx_FEUILLET_08_APP_ROUTAGE_EDIT_AUTOFACT"
"SF_Liste_COAD_IDE12CMPLX_FR_02","Jx_REPART_01_EXTR_BI_IDE12CMPLX_2"
"SF_Liste_COAD_IDE12CMPLX_FR_05","Jx_REPART_01_EXTR_BI_IDE12CMPLX_2"
"SF_Liste_COAD_IDE12CMPLX_FR_04","Jx_REPART_01_EXTR_BI_IDE12CMPLX_2"
"SF_Liste_COAD_IDE12CMPLX_FR_07","Jx_REPART_01_EXTR_BI_IDE12CMPLX_2"
"SF_Liste_COAD_IDE12CMPLX_FR_06","Jx_REPART_01_EXTR_BI_IDE12CMPLX_2"
"SF_Liste_COAD_IDE12CMPLX_FR_09","Jx_REPART_01_EXTR_BI_IDE12CMPLX_2"
"SF_Liste_COAD_IDE12CMPLX_FR_08","Jx_REPART_01_EXTR_BI_IDE12CMPLX_2"
"FIC_RESULTAT_AUTOFACT.csv","Jx_FEUILLET_01_FMT_ROUTAGE_EDIT_OSCAR_PENEF"
"DS_01_EXTR_PENEF_INFOAD_FILTRE.ds","Jx_TRACO_01_EXTR_PENEF_INFOAD_FILTRE"
"SF_Liste_COAD_IDE12_FRPAR_FIC_LISTE_COAD_IDE12_FR","Jx_REPART_01_EXTR_BI_IDE12"
"SF_Liste_COAD_IDE12_FRPAR_FIC_LISTE_COAD_IDE12_FR","Jx_REPART_01_EXTR_BI_IDE12"
"DS_06_EXTR_PIVOT_SEANCES_OEUVRES.ds","Jx_TRACO_06_EXTR_PIVOT_SEANCES_OEUVRES"
"DS_06_EXTR_PIVOT_SEANCES_OEUVRES.ds","Jx_TRACO_07_RAP_WEBDR_ELIZA_PIVOT_OK"
"SF_Liste_COAD_IDE12CMPLX_ENPAR_FIC_LISTE_COAD_IDE12CMPLX_EN","Jx_REPART_01_EXTR_BI_IDE12CMPLX"
"SF_Liste_COAD_IDE12CMPLX_ENPAR_FIC_LISTE_COAD_IDE12CMPLX_EN","Jx_REPART_01_EXTR_BI_IDE12CMPLX_2"
"LISTE_DATDECLT_PROG_ELIZA_WEBDRPAR_LISTE_DATDECLT_PROG_ELIZA_WEBDR","Jx_TRACO_03_RAP_WEBDR_ELIZA_PIVOT"
"Ds_LABISValidODSfOSCAR01Extr17PARAMPROMO.ds","Jx_LABISValidODSfOSCAR02Trans17PARAMPROMO"
"Ds_LABISValidODSfOSCAR01Extr17PARAMPROMO.ds","Jx_LABISValidODSfOSCAR01Extr17PARAMPROMO"
"DS_03_EXTR_PENEF_OEUVCTX.ds","Jx_TRACO_04_EXTR_PENEF_OEUVCTX_KEYLIG"
"DS_03_EXTR_PENEF_OEUVCTX.ds","Jx_TRACO_07_EXTR_PENEF_OEUVCTX_KEYLIG"
"DS_03_EXTR_PENEF_OEUVCTX.ds","Jx_TRACO_03_EXTR_PENEF_OEUVCTX"
"DS_03_EXTR_PENEF_OEUVCTX.ds","Jx_TRACO_08_EXTR_PENEF_OEUVCTX_AD"
"DS_03_EXTR_PENEF_OEUVCTX.ds","Jx_TRACO_04_RAP_OEUVCTX_INFOAD"
"DS_03_EXTR_PENEF_OEUVCTX.ds","Jx_TRACO_04_WEBDR_ELIZA_PIVOT_PENEL_OEUVCTX"
"DS_03_EXTR_PENEF_OEUVCTX.ds","Jx_TRACO_06_EXTR_PENEF_OEUVCTX_PT"
"20190729_115228.csv","Jx_TRACO_07_FMT_ELIZA_WEBDR_PIVOT_PENEL_PENEF_Resultat_Final"
"20190729_115228.csv","Jx_TRACO_07_FMT_ELIZA_WEBDR_PIVOT_PENEL_PENEF_Resultat_Final"
"AD_FEUILLETN_GED_REQ.csv","Jx_FEUILLET_03_CTRL_COPSS_ROUTAGE_GED"
"DS_06_RAP_PENEL_RECUP_KEYLIG.ds","Jx_TRACO_06_RAP_PENEL_RECUP_KEYLIG"
"DS_06_RAP_PENEL_RECUP_KEYLIG.ds","Jx_TRACO_03_APP_WEBDER_ELIZA_PIVOT_OK_KO_PENEL"
"DS_06_RAP_PENEL_RECUP_KEYLIG.ds","Jx_TRACO_07_RAP_PENEL_RECUP_NUMSEQFELIX"
"DS_06_RAP_PENEL_RECUP_KEYLIG.ds","Jx_TRACO_02_APP_WEBDER_ELIZA_PIVOT_OK_PENEL"
"DFN004.txt","Jx_FEUILLET_06_CTRL_COPSS_AUTOFACT"
"DS_EXTRACT_BI_IDE12_EN.ds","Jx_REPART_01_EXTR_BI_IDE12"
"DS_EXTRACT_BI_IDE12_EN.ds","Jx_REPART_02_CALC_MT_OEUV_IDE12_CSV"
"DS_EXTRACT_BI_IDE12_EN.ds","Jx_REPART_01_EXTR_BI_IDE12_2"
"SF_02_APP_WEBDR_ELIZA_PT.csv","Jx_TRACO_01_APP_WEBDR_ELIZA_PT"
"DFN001.csv","Jx_FEUILLET_04_CTRL_COPSS_RELEVE"
"DFN001.csv","Jx_FEUILLET_04_APP_ROUTAGE_EDIT_RELEVE"
"DFN001.csv","Jx_FEUILLET_04_APP_ROUTAGE_EDIT_RELEVE"
"CPTE_RENDU_REJETS_NB.csv","Jx_FEUILLET_02_CPTR_REJETS_NB"
"CPTE_RENDU_REJETS_NB.csv","Jx_FEUILLET_01_CHG_CPTRENDU"
"CPTE_RENDU_REJETS_NB.csv","Jx_FEUILLET_01_CHG_CPTRENDU"
"CPTE_RENDU_REJETS_NB.csv","Jx_FEUILLET_02_CPTR_REJETS_NB"
"DS_01_APP_WEBDR_ELIZA_PT.ds","Jx_TRACO_01_APP_WEBDR_ELIZA_PT"
"DS_01_APP_WEBDR_ELIZA_PT.ds","Jx_TRACO_03_RAP_WEBDR_ELIZA_PIVOT"
"FIC_RESULTAT_RELEVE.csv","Jx_FEUILLET_01_FMT_ROUTAGE_EDIT_OSCAR_PENEF"
"Ds_LABISValidODSfOCTAVT_PARTICIPANT.ds","Jx_LABISValidODSfOCTAV02Tran_PARTICIPANT"
"DFN001.ds","Jx_FEUILLET_04_CTRL_COPSS_RELEVE"
"DFN001.ds","Jx_FEUILLET_05_APP_RELEVE_ROUTAGE_EDIT"
"DFN001.ds","Jx_FEUILLET_04_APP_ROUTAGE_EDIT_RELEVE"
"DS_RAP_AUTOFACT_ROUTAGE_EDIT_OSCAR_PENEF.ds","Jx_FEUILLET_01_FMT_ROUTAGE_EDIT_OSCAR_PENEF"
"DS_RAP_AUTOFACT_ROUTAGE_EDIT_OSCAR_PENEF.ds","Jx_FEUILLET_09_APP_AUTOFACT_ROUTAGE_EDIT"
"REJETS_*.csv","Jx_FEUILLET_01_CPTR_REJETS_FUSION"
"LISTE_FIC_SRCEPAR_LISTE_FIC_SRCE","Jx_FEUILLET_05_CONST_LISTE_FIC"
"Ds_LABISValidODSfSELDR02Trans02APPAREILDIFFUSION.ds","Jx_LABISValidODSfSELDR02Trans02MOYENDIFFUSION"
"SELDR_DOCEX_DETAILLIVES*.txt","Jx_TRACO_01_EXTR_CTRL_WEBDR"
"DFN004.csv","Jx_FEUILLET_06_CTRL_COPSS_AUTOFACT"
"DFN004.csv","Jx_FEUILLET_08_APP_ROUTAGE_EDIT_AUTOFACT"
"DFN004.csv","Jx_FEUILLET_08_APP_ROUTAGE_EDIT_AUTOFACT"
"SF_Liste_COAD_IDE12CMPLX_FR_10","Jx_REPART_01_EXTR_BI_IDE12CMPLX_2"
"SF_Liste_COAD_IDE12CMPLX_FR_11","Jx_REPART_01_EXTR_BI_IDE12CMPLX_2"
"LISTE_PROG_ELIZA_WEBDRPAR_LISTE_PROG_ELIZA_WEBDR","Jx_TRACO_01_APP_WEBDR_ELIZA_PT"
"LISTE_PROG_ELIZA_WEBDRPAR_LISTE_PROG_ELIZA_WEBDR","Jx_TRACO_03_RAP_WEBDR_ELIZA_PIVOT"
"647_INFO_AD.csv","Jx_TRACO_01_EXTR_PENEF_INFOAD"
"647_INFO_AD.csv","Jx_TRACO_01_EXTR_PENEF_INFOAD"
"ROUTAG_FEUILLETN_EDIT_REQ.txt","Jx_FEUILLET_02_CTRL_COPSS_ROUTAGE_EDIT"
"SF_Liste_COAD_IDE12_ENPAR_FIC_LISTE_COAD_IDE12_EN","Jx_REPART_01_EXTR_BI_IDE12"
"SF_Liste_COAD_IDE12_ENPAR_FIC_LISTE_COAD_IDE12_EN","Jx_REPART_01_EXTR_BI_IDE12"
"SF_Liste_COAD_IDE12_ENPAR_FIC_LISTE_COAD_IDE12_EN","Jx_REPART_01_EXTR_BI_IDE12_2"
"DS_02_EXTR_PIVOT_PROG.ds","Jx_TRACO_02_EXTR_PIVOT_PROG"
"DS_02_EXTR_PIVOT_PROG.ds","Jx_TRACO_03_RAP_WEBDR_ELIZA_PIVOT"
"PAR_FIC_LISTE_COAD_IDE12_FR","Jx_REPART_01_EXTR_BI_IDE12"
"SF_Liste_COAD_IDE12_FR_25","Jx_REPART_01_EXTR_BI_IDE12_3"
"DS_01_EXTR_PENEF_INFOAD.ds","Jx_TRACO_01_EXTR_PENEF_INFOAD"
"DS_01_EXTR_PENEF_INFOAD.ds","Jx_TRACO_01_EXTR_PENEF_INFOAD_FILTRE"
"DS_01_EXTR_PENEF_INFOAD.ds","Jx_TRACO_05_EXTR_PENEF_INFOAD_KEYLIG"
"DS_01_EXTR_PENEF_INFOAD.ds","Jx_TRACO_09_RAP_ELIZA_WEBDR_PIVOT_PENEL_PENEF_OEUVCTX_KEYLIG"
"DS_01_EXTR_PENEF_INFOAD.ds","Jx_TRACO_08_EXTR_PENEF_OEUVCTX_AD"
"DS_01_EXTR_PENEF_INFOAD.ds","Jx_TRACO_04_RAP_OEUVCTX_INFOAD"
"20190729_112440.csv","Jx_TRACO_03_RAP_WEBDR_ELIZA_PIVOT"
"SF_Liste_COAD_IDE12CMPLX_FRPAR_FIC_LISTE_COAD_IDE12CMPLX_FR","Jx_REPART_01_EXTR_BI_IDE12CMPLX"
"DS_RAP_ROUTAGE_GED_OSCAR_PENEF.ds","Jx_FEUILLET_01_FMT_ROUTAGE_EDIT_OSCAR_PENEF"
"DS_RAP_ROUTAGE_GED_OSCAR_PENEF.ds","Jx_FEUILLET_03_APP_ROUTAGE_GED_OSCAR_PENEF"
"DS_09_RAP_ELIZA_WEBDR_PIVOT_PENEL_PENEF_OEUVCTX_KEYLIG.ds","Jx_TRACO_09_RAP_ELIZA_WEBDR_PIVOT_PENEL_PENEF_OEUVCTX_KEYLIG"
"SF_01_APP_WEBDR_ELIZA_PT.csv","Jx_TRACO_01_APP_ELIZA_WEBDR_PT"
"SF_PROG_OEUV.csv","Jx_TRACO_03_EXTR_ELIZAT_PROG_OEUV_PJ_ANIS"
"LISTE_PROG_01_APP_ELIZA_WEBDR_PT","Jx_TRACO_01_APP_ELIZA_WEBDR_PT"
"ROUTAG_FEUILLETN_EDIT_REQ.csv","Jx_FEUILLET_02_CTRL_COPSS_ROUTAGE_EDIT"
"ROUTAG_FEUILLETN_EDIT_REQ.csv","Jx_FEUILLET_05_APP_RELEVE_ROUTAGE_EDIT"
"ROUTAG_FEUILLETN_EDIT_REQ.csv","Jx_FEUILLET_07_APP_DECOMPTE_ROUTAGE_EDIT"
"ROUTAG_FEUILLETN_EDIT_REQ.csv","Jx_FEUILLET_09_APP_AUTOFACT_ROUTAGE_EDIT"
"DS_RAP_ROUTAGE_EDIT_OSCAR_PENEF_RELEVE.ds","Jx_FEUILLET_05_APP_RELEVE_ROUTAGE_EDIT"
"DS_RAP_ROUTAGE_EDIT_OSCAR_PENEF_RELEVE.ds","Jx_FEUILLET_04_APP_ROUTAGE_EDIT_RELEVE"
"SF_05_EXTR_RELATLIGOEUV_OEUVCTX_AD_INFOAD.csv","Jx_TRACO_05_EXTR_RELATLIGOEUV_OEUVCTX_AD_INFOAD"
"DS_03_APP_WEBDER_ELIZA_PIVOT_OK_KO_PENEL.ds","Jx_TRACO_03_APP_WEBDER_ELIZA_PIVOT_OK_KO_PENEL"
"DS_03_APP_WEBDER_ELIZA_PIVOT_OK_KO_PENEL.ds","Jx_TRACO_02_APP_WEBDER_ELIZA_PIVOT_OK_PENEL"
"ExtrOCTAVT_PARTPT.ds","LABISExtrOCTAV03OCTAVT_PARTPT"
"ExtrOCTAVT_PARTPT.ds","LABISChrgOCTAV03OCTAVT_PARTPT"
"AD_FEUILLETN_GED_REQ_OSCAR_PENEF.csv","Jx_FEUILLET_03_APP_ROUTAGE_GED_OSCAR_PENEF"
"DS_07_RAP_WEBDR_ELIZA_PIVOT_OK.ds","Jx_TRACO_02_EXTR_PENEL_DATDECL_IDFIC_IDEXPLOIT"
"DS_07_RAP_WEBDR_ELIZA_PIVOT_OK.ds","Jx_TRACO_08_FUSION_WEBDR_ELIZA_PIVOT_OK_KO_A_completer_colonnes"
"DS_07_RAP_WEBDR_ELIZA_PIVOT_OK.ds","Jx_TRACO_02_APP_WEBDER_ELIZA_PIVOT_OK_PENEL"
"DS_07_RAP_WEBDR_ELIZA_PIVOT_OK.ds","Jx_TRACO_07_RAP_WEBDR_ELIZA_PIVOT_OK"
"DS_01_APP_WEBDER_ELIZA_PIVOT_OK_PENEL.ds","Jx_TRACO_09_RAP_ELIZA_WEBDR_PIVOT_PENEL_PENEF_OEUVCTX_KEYLIG"
"DS_01_APP_WEBDER_ELIZA_PIVOT_OK_PENEL.ds","Jx_TRACO_04_WEBDR_ELIZA_PIVOT_PENEL_OEUVCTX"
"DS_01_APP_WEBDER_ELIZA_PIVOT_OK_PENEL.ds","Jx_TRACO_01_WEBDR_ELIZA_PIVOT_PENEL_PENEF"
"FEUILLET_FICHIER_REJET_GLOBALE.csv","Jx_FEUILLET_01_CPTR_REJETS_FUSION"
"CPTE_RENDU_REJETS_BL.csv","Jx_FEUILLET_01_CHG_CPTRENDU"
"CPTE_RENDU_REJETS_BL.csv","Jx_FEUILLET_03_CPTR_REJETS_BL"
"CPTE_RENDU_REJETS_BL.csv","Jx_FEUILLET_03_CPTR_REJETS_BL"
"CPTE_RENDU_REJETS_BL.csv","Jx_FEUILLET_01_CHG_CPTRENDU"
"DS_01_EXTR_INFO_AD.ds","Jx_TRACO_04_EXTR_INFO_AD"
"LISTE_FIC_SRCE_TRAV","Jx_FEUILLET_05_CONST_LISTE_FIC"