FILE,JOB
PAR_FIC_COPSS_AUTOFACT.ds,Jx_FEUILLET_06_CTRL_COPSS_AUTOFACT
PAR_FIC_COPSS_AUTOFACT.ds,Jx_FEUILLET_09_APP_AUTOFACT_ROUTAGE_EDIT
PAR_FIC_COPSS_AUTOFACT.ds,Jx_FEUILLET_08_APP_ROUTAGE_EDIT_AUTOFACT
PAR_FIC_COPSS_DECOMPTE.ds,Jx_FEUILLET_05_CTRL_COPSS_DECOMPTE
PAR_FIC_COPSS_DECOMPTE.ds,Jx_FEUILLET_06_APP_ROUTAGE_EDIT_DECOMPTE
PAR_FIC_COPSS_DECOMPTE.ds,Jx_FEUILLET_07_APP_DECOMPTE_ROUTAGE_EDIT
PAR_FIC_COPSS_RELEVE.ds,Jx_FEUILLET_04_CTRL_COPSS_RELEVE
PAR_FIC_COPSS_RELEVE.ds,Jx_FEUILLET_05_APP_RELEVE_ROUTAGE_EDIT
PAR_FIC_COPSS_RELEVE.ds,Jx_FEUILLET_04_APP_ROUTAGE_EDIT_RELEVE
PAR_FIC_COPSS_ROUTAGE_EDIT.ds,Jx_FEUILLET_02_CTRL_COPSS_ROUTAGE_EDIT
PAR_FIC_COPSS_ROUTAGE_EDIT.ds,Jx_FEUILLET_02_APP_ROUTAGE_EDIT_OSCAR_PENEF
PAR_FIC_OSCAR.ds,Jx_FEUILLET_01_CTRL_OSCAR
PAR_FIC_OSCAR.ds,Jx_FEUILLET_02_APP_ROUTAGE_EDIT_OSCAR_PENEF
PAR_FIC_OSCAR.ds,Jx_FEUILLET_03_APP_ROUTAGE_GED_OSCAR_PENEF
DS_01_APP_ELIZA_WEBDR_PT.ds,Jx_TRACO_01_APP_ELIZA_WEBDR_PT
DS_01_APP_WEBDER_ELIZA_PIVOT_OK_PENEL.ds,Jx_TRACO_09_RAP_ELIZA_WEBDR_PIVOT_PENEL_PENEF_OEUVCTX_KEYLIG
DS_01_APP_WEBDER_ELIZA_PIVOT_OK_PENEL.ds,Jx_TRACO_04_WEBDR_ELIZA_PIVOT_PENEL_OEUVCTX
DS_01_APP_WEBDER_ELIZA_PIVOT_OK_PENEL.ds,Jx_TRACO_01_WEBDR_ELIZA_PIVOT_PENEL_PENEF
DS_01_APP_WEBDR_ELIZA_PT.ds,Jx_TRACO_01_APP_WEBDR_ELIZA_PT
DS_01_APP_WEBDR_ELIZA_PT.ds,Jx_TRACO_03_RAP_WEBDR_ELIZA_PIVOT
DS_01_EXTR_AD.ds,Jx_TRACO_03_EXTR_AD
DS_01_EXTR_CTRL_WEBDR.ds,Jx_TRACO_01_APP_WEBDR_ELIZA_PT
DS_01_EXTR_CTRL_WEBDR.ds,Jx_TRACO_01_EXTR_CTRL_WEBDR
DS_01_EXTR_CTRL_WEBDR.ds,Jx_TRACO_01_APP_ELIZA_WEBDR_PT
DS_01_EXTR_ELIZAT_PROG_OEUV_PT.ds,Jx_TRACO_01_APP_WEBDR_ELIZA_PT
DS_01_EXTR_ELIZAT_PROG_OEUV_PT.ds,Jx_TRACO_01_EXTR_ELIZAT_PROG_OEUV_PT
DS_01_EXTR_ELIZAT_PROG_OEUV_PT.ds,Jx_TRACO_01_APP_ELIZA_WEBDR_PT
DS_01_EXTR_INFO_AD.ds,Jx_TRACO_04_EXTR_INFO_AD
DS_01_EXTR_OEUVCTX.ds,Jx_TRACO_02_EXTR_OEUVCTX
DS_01_EXTR_PENEF_INFOAD.ds,Jx_TRACO_01_EXTR_PENEF_INFOAD
DS_01_EXTR_PENEF_INFOAD.ds,Jx_TRACO_01_EXTR_PENEF_INFOAD_FILTRE
DS_01_EXTR_PENEF_INFOAD.ds,Jx_TRACO_05_EXTR_PENEF_INFOAD_KEYLIG
DS_01_EXTR_PENEF_INFOAD.ds,Jx_TRACO_09_RAP_ELIZA_WEBDR_PIVOT_PENEL_PENEF_OEUVCTX_KEYLIG
DS_01_EXTR_PENEF_INFOAD.ds,Jx_TRACO_08_EXTR_PENEF_OEUVCTX_AD
DS_01_EXTR_PENEF_INFOAD.ds,Jx_TRACO_04_RAP_OEUVCTX_INFOAD
DS_01_EXTR_PENEF_INFOAD_FILTRE.ds,Jx_TRACO_01_EXTR_PENEF_INFOAD_FILTRE
DS_01_EXTR_RELATLIGOEUV.ds,Jx_TRACO_01_EXTR_RELATLIGOEUV
DS_01_EXTR_ULYSS.ds,Jx_TRACO_02_RAP_WEBDR_ELIZA_PIVOT_OK_ULYSS
DS_01_EXTR_ULYSS.ds,Jx_TRACO_01_EXTR_ULYSS
DS_01_EXTR_ULYSS.ds,Jx_TRACO_04_RAP_WEBDR_ELIZA_PIVOT_OK_KO_ULYSS
DS_01_EXTR_ULYSS.ds,Jx_TRACO_03_RAP_WEBDR_ELIZA_PIVOT_KO_ULYSS
DS_01_WEBDR_ELIZA_PIVOT_PENEL_PENEF.ds,Jx_TRACO_02_WEBDR_ELIZA_PIVOT_PENEL_PENEF
DS_01_WEBDR_ELIZA_PIVOT_PENEL_PENEF.ds,Jx_TRACO_01_WEBDR_ELIZA_PIVOT_PENEL_PENEF
DS_02_EXTR_PENEF_KEYLIG.ds,Jx_TRACO_05_RAP_OEUVCTX_INFOAD_KEYLIG
DS_02_EXTR_PENEF_KEYLIG.ds,Jx_TRACO_05_EXTR_PENEF_INFOAD_KEYLIG
DS_02_EXTR_PENEF_KEYLIG.ds,Jx_TRACO_02_EXTR_PENEF_KEYLIG
DS_02_EXTR_PENEF_KEYLIG.ds,Jx_TRACO_04_EXTR_PENEF_OEUVCTX_KEYLIG
DS_02_EXTR_PENEF_KEYLIG.ds,Jx_TRACO_07_EXTR_PENEF_OEUVCTX_KEYLIG
DS_02_EXTR_PENEL_DATDECL_IDFIC_IDEXPLOIT.ds,Jx_TRACO_02_EXTR_PENEL_DATDECL_IDFIC_IDEXPLOIT
DS_02_EXTR_PENEL_DATDECL_IDFIC_IDEXPLOIT.ds,Jx_TRACO_06_RAP_PENEL_RECUP_KEYLIG
DS_02_EXTR_PENEL_DATDECL_IDFIC_IDEXPLOIT.ds,Jx_TRACO_07_RAP_PENEL_RECUP_NUMSEQFELIX
DS_02_EXTR_PENEL_DATDECL_IDFIC_IDEXPLOIT.ds,Jx_TRACO_05_EXTR_PENEL_KEYLIG
DS_02_EXTR_PIVOT_PROG.ds,Jx_TRACO_02_EXTR_PIVOT_PROG
DS_02_EXTR_PIVOT_PROG.ds,Jx_TRACO_03_RAP_WEBDR_ELIZA_PIVOT
DS_02_RAP_WEBDR_ELIZA_PIVOT_ULYSS.ds,Jx_TRACO_04_RAP_WEBDR_ELIZA_PIVOT_OK_KO_ULYSS
DS_03_APP_WEBDER_ELIZA_PIVOT_OK_KO_PENEL.ds,Jx_TRACO_03_APP_WEBDER_ELIZA_PIVOT_OK_KO_PENEL
DS_03_APP_WEBDER_ELIZA_PIVOT_OK_KO_PENEL.ds,Jx_TRACO_02_APP_WEBDER_ELIZA_PIVOT_OK_PENEL
DS_03_EXTR_PENEF_OEUVCTX.ds,Jx_TRACO_04_EXTR_PENEF_OEUVCTX_KEYLIG
DS_03_EXTR_PENEF_OEUVCTX.ds,Jx_TRACO_07_EXTR_PENEF_OEUVCTX_KEYLIG
DS_03_EXTR_PENEF_OEUVCTX.ds,Jx_TRACO_03_EXTR_PENEF_OEUVCTX
DS_03_EXTR_PENEF_OEUVCTX.ds,Jx_TRACO_08_EXTR_PENEF_OEUVCTX_AD
DS_03_EXTR_PENEF_OEUVCTX.ds,Jx_TRACO_04_RAP_OEUVCTX_INFOAD
DS_03_EXTR_PENEF_OEUVCTX.ds,Jx_TRACO_04_WEBDR_ELIZA_PIVOT_PENEL_OEUVCTX
DS_03_EXTR_PENEF_OEUVCTX.ds,Jx_TRACO_06_EXTR_PENEF_OEUVCTX_PT
DS_03_RAP_WEBDR_ELIZA_PIVOT_KO.ds,Jx_TRACO_08_FUSION_WEBDR_ELIZA_PIVOT_OK_KO_A_completer_colonnes
DS_03_RAP_WEBDR_ELIZA_PIVOT_KO.ds,Jx_TRACO_03_RAP_WEBDR_ELIZA_PIVOT_KO_ULYSS
DS_03_RAP_WEBDR_ELIZA_PIVOT_KO_ULYSS.ds,Jx_TRACO_02_RAP_WEBDR_ELIZA_PIVOT_OK_ULYSS
DS_03_RAP_WEBDR_ELIZA_PIVOT_KO_ULYSS.ds,Jx_TRACO_03_RAP_WEBDR_ELIZA_PIVOT_KO_ULYSS
DS_03_RAP_WEBDR_ELIZA_PIVOT_OK.ds,Jx_TRACO_02_RAP_WEBDR_ELIZA_PIVOT_OK_ULYSS
DS_03_RAP_WEBDR_ELIZA_PIVOT_OK.ds,Jx_TRACO_03_RAP_WEBDR_ELIZA_PIVOT
DS_03_RAP_WEBDR_ELIZA_PIVOT_OK.ds,Jx_TRACO_07_RAP_WEBDR_ELIZA_PIVOT_OK
DS_04_EXTR_PENEF_OEUVCTX_KEYLIG.ds,Jx_TRACO_04_EXTR_PENEF_OEUVCTX_KEYLIG
DS_04_RAP_OEUVCTX_INFOAD.ds,Jx_TRACO_05_RAP_OEUVCTX_INFOAD_KEYLIG
DS_04_RAP_OEUVCTX_INFOAD.ds,Jx_TRACO_04_RAP_OEUVCTX_INFOAD
DS_04_WEBDR_ELIZA_PIVOT_PENEL_OEUVCTX.ds,Jx_TRACO_04_WEBDR_ELIZA_PIVOT_PENEL_OEUVCTX
DS_05_EXTR_PENEF_INFOAD_KEYLIG.ds,Jx_TRACO_05_EXTR_PENEF_INFOAD_KEYLIG
DS_05_EXTR_PENEF_INFOAD_KEYLIG.ds,Jx_TRACO_06_LOAD_INFOAD_KEYLIG
DS_05_EXTR_PENEL_KEYLIG.ds,Jx_TRACO_06_RAP_PENEL_RECUP_KEYLIG
DS_05_EXTR_PENEL_KEYLIG.ds,Jx_TRACO_07_RAP_PENEL_RECUP_NUMSEQFELIX
DS_05_EXTR_PENEL_KEYLIG.ds,Jx_TRACO_05_EXTR_PENEL_KEYLIG
DS_05_EXTR_RELATLIGOEUV_OEUVCTX_AD_INFOAD.ds,Jx_TRACO_05_EXTR_RELATLIGOEUV_OEUVCTX_AD_INFOAD
DS_05_RAP_OEUVCTX_INFOAD_KEYLIG.ds,Jx_TRACO_05_RAP_OEUVCTX_INFOAD_KEYLIG
DS_05_RAP_OEUVCTX_INFOAD_KEYLIG.ds,Jx_TRACO_01_WEBDR_ELIZA_PIVOT_PENEL_PENEF
DS_06_EXTR_PENEF_OEUVCTX_PT.ds,Jx_TRACO_06_EXTR_PENEF_OEUVCTX_PT
DS_06_EXTR_PIVOT_SEANCES_OEUVRES.ds,Jx_TRACO_06_EXTR_PIVOT_SEANCES_OEUVRES
DS_06_EXTR_PIVOT_SEANCES_OEUVRES.ds,Jx_TRACO_07_RAP_WEBDR_ELIZA_PIVOT_OK
DS_06_RAP_ELIZA_WEBDR_PIVOT_PENEL_PENEF.ds,Jx_TRACO_07_FMT_ELIZA_WEBDR_PIVOT_PENEL_PENEF_Resultat_Final
DS_06_RAP_PENEL_RECUP_KEYLIG.ds,Jx_TRACO_06_RAP_PENEL_RECUP_KEYLIG
DS_06_RAP_PENEL_RECUP_KEYLIG.ds,Jx_TRACO_03_APP_WEBDER_ELIZA_PIVOT_OK_KO_PENEL
DS_06_RAP_PENEL_RECUP_KEYLIG.ds,Jx_TRACO_07_RAP_PENEL_RECUP_NUMSEQFELIX
DS_06_RAP_PENEL_RECUP_KEYLIG.ds,Jx_TRACO_02_APP_WEBDER_ELIZA_PIVOT_OK_PENEL
DS_07_EXTR_PENEF_OEUVCTX_KEYLIG.ds,Jx_TRACO_09_RAP_ELIZA_WEBDR_PIVOT_PENEL_PENEF_OEUVCTX_KEYLIG
DS_07_EXTR_PENEF_OEUVCTX_KEYLIG.ds,Jx_TRACO_07_EXTR_PENEF_OEUVCTX_KEYLIG
DS_07_RAP_WEBDR_ELIZA_PIVOT_OK.ds,Jx_TRACO_02_EXTR_PENEL_DATDECL_IDFIC_IDEXPLOIT
DS_07_RAP_WEBDR_ELIZA_PIVOT_OK.ds,Jx_TRACO_08_FUSION_WEBDR_ELIZA_PIVOT_OK_KO_A_completer_colonnes
DS_07_RAP_WEBDR_ELIZA_PIVOT_OK.ds,Jx_TRACO_02_APP_WEBDER_ELIZA_PIVOT_OK_PENEL
DS_07_RAP_WEBDR_ELIZA_PIVOT_OK.ds,Jx_TRACO_07_RAP_WEBDR_ELIZA_PIVOT_OK
DS_08_EXTR_PENEF_OEUVCTX_AD.ds,Jx_TRACO_08_EXTR_PENEF_OEUVCTX_AD
DS_08_FUSION_WEBDR_ELIZA_PIVOT_OK_KO.ds,Jx_TRACO_03_APP_WEBDER_ELIZA_PIVOT_OK_KO_PENEL
DS_08_FUSION_WEBDR_ELIZA_PIVOT_OK_KO.ds,Jx_TRACO_08_FUSION_WEBDR_ELIZA_PIVOT_OK_KO_A_completer_colonnes
DS_08_FUSION_WEBDR_ELIZA_PIVOT_OK_KO.ds,Jx_TRACO_04_RAP_WEBDR_ELIZA_PIVOT_OK_KO_ULYSS
DS_09_RAP_ELIZA_WEBDR_PIVOT_PENEL_PENEF_OEUVCTX_KEYLIG.ds,Jx_TRACO_09_RAP_ELIZA_WEBDR_PIVOT_PENEL_PENEF_OEUVCTX_KEYLIG
DS_ELIZA_PROG_OEUVRE.ds,Jx_TRACO_03_EXTR_ELIZAT_PROG_OEUV
DS_ELIZA_PROG_OEUVRE_PJ.ds,Jx_TRACO_01_EXTR_ELIZAT_PROG_OEUV_PJ
DS_ELIZA_PROG_OEUVRE_PJ_ANIS.ds,Jx_TRACO_03_EXTR_ELIZAT_PROG_OEUV_PJ_ANIS
DS_EXTRACT_BI_IDE12CMPLX_EN.ds,Jx_REPART_01_EXTR_BI_IDE12CMPLX
DS_EXTRACT_BI_IDE12CMPLX_EN.ds,Jx_REPART_01_EXTR_BI_IDE12CMPLX_2
DS_EXTRACT_BI_IDE12CMPLX_EN.ds,Jx_REPART_02_CALC_MT_OEUV_IDE12CMPLX_CSV
DS_EXTRACT_BI_IDE12CMPLX_FR.ds,Jx_REPART_01_EXTR_BI_IDE12CMPLX
DS_EXTRACT_BI_IDE12CMPLX_FR.ds,Jx_REPART_01_EXTR_BI_IDE12CMPLX_2
DS_EXTRACT_BI_IDE12CMPLX_FR.ds,Jx_REPART_02_CALC_MT_OEUV_IDE12CMPLX_CSV
DS_EXTRACT_BI_IDE12_EN.ds,Jx_REPART_01_EXTR_BI_IDE12
DS_EXTRACT_BI_IDE12_EN.ds,Jx_REPART_02_CALC_MT_OEUV_IDE12_CSV
DS_EXTRACT_BI_IDE12_EN.ds,Jx_REPART_01_EXTR_BI_IDE12_2
DS_EXTRACT_BI_IDE12_FR.ds,Jx_REPART_01_EXTR_BI_IDE12
DS_EXTRACT_BI_IDE12_FR.ds,Jx_REPART_01_EXTR_BI_IDE12_3
DS_EXTRACT_BI_IDE12_FR.ds,Jx_REPART_02_CALC_MT_OEUV_IDE12_CSV
DS_EXTRACT_BI_IDE12_FR.ds,Jx_REPART_01_EXTR_BI_IDE12_2
DS_EXTRACT_BI_IDE12_FR.ds,Jx_REPART_02_ECLAT_LISTE_BI_IDE122
DS_EXTRACT_BI_IDE12_FR.ds,Jx_REPART_02_ECLAT_LISTE_BI_IDE122_Test1
DS_EXTRACT_BI_IDE12_FR_PARTIEL.ds,Jx_REPART_02_ECLAT_LISTE_BI_IDE122_Test1
DS_EXTRACT_PENEF.ds,Jx_FEUILLET_02_APP_ROUTAGE_EDIT_OSCAR_PENEF
DS_EXTRACT_PENEF.ds,Jx_FEUILLET_03_EXTR_PENEF
DS_EXTRACT_PENEF.ds,Jx_FEUILLET_03_APP_ROUTAGE_GED_OSCAR_PENEF
DS_Extract_PIVOT_SEANCES.ds,Jx_TRACO_05_EXTR_PIVOT_SEANCES
DS_PENEF_EXTRANA_ONIDE.ds,Jx_ONIDE_03_EXTR_PENEF
DS_PENEF_EXTRANA_ONIDE.ds,Jx_ONIDE_01_FMT_ROUTAGE_EDIT_CATEL
DS_RAP_AUTOFACT_ROUTAGE_EDIT_OSCAR_PENEF.ds,Jx_FEUILLET_01_FMT_ROUTAGE_EDIT_OSCAR_PENEF
DS_RAP_AUTOFACT_ROUTAGE_EDIT_OSCAR_PENEF.ds,Jx_FEUILLET_09_APP_AUTOFACT_ROUTAGE_EDIT
DS_RAP_DECOMPTE_ROUTAGE_EDIT_OSCAR_PENEF.ds,Jx_FEUILLET_01_FMT_ROUTAGE_EDIT_OSCAR_PENEF
DS_RAP_DECOMPTE_ROUTAGE_EDIT_OSCAR_PENEF.ds,Jx_FEUILLET_07_APP_DECOMPTE_ROUTAGE_EDIT
DS_RAP_RELEVE_ROUTAGE_EDIT_OSCAR_PENEF.ds,Jx_FEUILLET_05_APP_RELEVE_ROUTAGE_EDIT
DS_RAP_RELEVE_ROUTAGE_EDIT_OSCAR_PENEF.ds,Jx_FEUILLET_01_FMT_ROUTAGE_EDIT_OSCAR_PENEF
DS_RAP_ROUTAGE_EDIT_OSCAR_PENEF.ds,Jx_FEUILLET_01_FMT_ROUTAGE_EDIT_OSCAR_PENEF
DS_RAP_ROUTAGE_EDIT_OSCAR_PENEF.ds,Jx_FEUILLET_02_APP_ROUTAGE_EDIT_OSCAR_PENEF
DS_RAP_ROUTAGE_EDIT_OSCAR_PENEF.ds,Jx_FEUILLET_06_APP_ROUTAGE_EDIT_DECOMPTE
DS_RAP_ROUTAGE_EDIT_OSCAR_PENEF.ds,Jx_FEUILLET_08_APP_ROUTAGE_EDIT_AUTOFACT
DS_RAP_ROUTAGE_EDIT_OSCAR_PENEF.ds,Jx_FEUILLET_04_APP_ROUTAGE_EDIT_RELEVE
DS_RAP_ROUTAGE_EDIT_OSCAR_PENEF_AUTOFACT.ds,Jx_FEUILLET_09_APP_AUTOFACT_ROUTAGE_EDIT
DS_RAP_ROUTAGE_EDIT_OSCAR_PENEF_AUTOFACT.ds,Jx_FEUILLET_08_APP_ROUTAGE_EDIT_AUTOFACT
DS_RAP_ROUTAGE_EDIT_OSCAR_PENEF_DECOMPTE.ds,Jx_FEUILLET_06_APP_ROUTAGE_EDIT_DECOMPTE
DS_RAP_ROUTAGE_EDIT_OSCAR_PENEF_DECOMPTE.ds,Jx_FEUILLET_07_APP_DECOMPTE_ROUTAGE_EDIT
DS_RAP_ROUTAGE_EDIT_OSCAR_PENEF_RELEVE.ds,Jx_FEUILLET_05_APP_RELEVE_ROUTAGE_EDIT
DS_RAP_ROUTAGE_EDIT_OSCAR_PENEF_RELEVE.ds,Jx_FEUILLET_04_APP_ROUTAGE_EDIT_RELEVE
DS_RAP_ROUTAGE_GED_OSCAR_PENEF.ds,Jx_FEUILLET_01_FMT_ROUTAGE_EDIT_OSCAR_PENEF
DS_RAP_ROUTAGE_GED_OSCAR_PENEF.ds,Jx_FEUILLET_03_APP_ROUTAGE_GED_OSCAR_PENEF
PAR_FIC_COPSS_ROUTAGE_GED.ds,Jx_FEUILLET_03_CTRL_COPSS_ROUTAGE_GED
PAR_FIC_COPSS_ROUTAGE_GED.ds,Jx_FEUILLET_03_APP_ROUTAGE_GED_OSCAR_PENEF
DS_COPS_CPTE_CLIENT.ds,Jx_LABISValidODSfSMA01Extr16COPST_COMPTE_CLIENT
DS_COPS_CPTE_CLIENT.ds,Jx_LABISValidODSfSMA02Trans08CPTECLIENT
DS_COPS_CPTE_CLIENT.ds,Jx_LABISValidODSfSMA02Trans12PAIEMENT
DS_COPS_CPTE_CLIENT.ds,Jx_LABISValidODSfSMA02Trans10FACTURE
DS_COPS_SOCIETE.ds,Jx_LABISValidODSfSMA02Trans13LETTRAGE
DS_COPS_SOCIETE.ds,Jx_LABISValidODSfSMA01Extr17COPST_SOCIETE
DS_COPS_SOCIETE.ds,Jx_LABISValidODSfSMA02Trans12PAIEMENT
DS_COPS_SOCIETE.ds,Jx_LABISValidODSfSMA02Trans10FACTURE
DS_Extract_GDMX.ds,GDMIX_2_DWH_RES_SOC_DOCS_P1
DS_SAREF_LIBUO.ds,Jx_LABISValidODSfSMA01Extr02SAREFTJ_LIBUO
DS_SAREF_LIBUO.ds,Jx_LABISValidODSfSMA02Trans02ORGANISATION
DS_SAREF_UO.ds,Jx_LABISValidODSfSMA01Extr01SAREFTR_UO
DS_SAREF_UO.ds,Jx_LABISValidODSfSMA02Trans02ORGANISATION
DS_SELDR_CORRESP_GSB_UO.ds,Jx_LABISValidODSfSMA02Trans11LIGNEFACTURE
DS_SELDR_CORRESP_GSB_UO.ds,Jx_LABISValidODSfSMA01Extr18SELDRT_CORRESP_GSB_UO
DS_SELDR_CORRESP_GSB_UO.ds,Jx_LABISValidODSfSMA02Trans08CPTECLIENT
DS_SELDR_CORRESP_GSB_UO.ds,Jx_LABISValidODSfSMA02Trans07TIERS
DS_SELDR_CORRESP_GSB_UO.ds,Jx_LABISValidODSfSMA02Trans09CONTRAT
DS_SMA_AFFECTATION.ds,Jx_LABISValidODSfSMA02Trans13LETTRAGE
DS_SMA_AFFECTATION.ds,Jx_LABISValidODSfSMA01Extr23SMAT_AFFECTATION
DS_SMA_CATEGORIE.ds,Jx_LABISValidODSfSMA01Extr03SMATR_CATEGORIE
DS_SMA_CLIENT.ds,Jx_LABISValidODSfSMA01Extr22SMAT_CLIENT
DS_SMA_CLIENT.ds,Jx_LABISValidODSfSMA02Trans08CPTECLIENT
DS_SMA_CLIENT.ds,Jx_LABISValidODSfSMA02Trans07TIERS
DS_SMA_CLIENT.ds,Jx_LABISValidODSfSMA02Trans09CONTRAT
DS_SMA_CLI_CAT.ds,Jx_LABISValidODSfSMA01Extr11SMATJ_CLI_CAT
DS_SMA_CLI_DEL.ds,Jx_LABISValidODSfSMA02Trans11LIGNEFACTURE
DS_SMA_CLI_DEL.ds,Jx_LABISValidODSfSMA01Extr12SMATJ_CLI_DEL
DS_SMA_CLI_DEL.ds,Jx_LABISValidODSfSMA02Trans08CPTECLIENT
DS_SMA_CLI_DEL.ds,Jx_LABISValidODSfSMA02Trans07TIERS
DS_SMA_CLI_DEL.ds,Jx_LABISValidODSfSMA02Trans09CONTRAT
DS_SMA_CLI_SYN.ds,Jx_LABISValidODSfSMA01Extr07SMATR_CLI_SYN
DS_SMA_CLI_SYN.ds,Jx_LABISValidODSfSMA02Trans09CONTRAT
DS_SMA_CREANCE.ds,Jx_LABISValidODSfSMA02Trans11LIGNEFACTURE
DS_SMA_CREANCE.ds,Jx_LABISValidODSfSMA01Extr20SMAT_CREANCE
DS_SMA_CREANCE.ds,Jx_LABISValidODSfSMA02Trans10FACTURE
DS_SMA_IMPUTATION.ds,Jx_LABISValidODSfSMA02Trans13LETTRAGE
DS_SMA_IMPUTATION.ds,Jx_LABISValidODSfSMA01Extr24SMAT_IMPUTATION
DS_SMA_IMPUTATION.ds,Jx_LABISValidODSfSMA02Trans12PAIEMENT
DS_SMA_NDC.ds,Jx_LABISValidODSfSMA02Trans11LIGNEFACTURE
DS_SMA_NDC.ds,Jx_LABISValidODSfSMA02Trans13LETTRAGE
DS_SMA_NDC.ds,Jx_LABISValidODSfSMA01Extr21SMAT_NDC
DS_SMA_NDC.ds,Jx_LABISValidODSfSMA02Trans10FACTURE
DS_SMA_PAIEMENT.ds,Jx_LABISValidODSfSMA01Extr25SMAT_PAIEMENT
DS_SMA_PAIEMENT.ds,Jx_LABISValidODSfSMA02Trans12PAIEMENT
DS_SMA_RESEAU.ds,Jx_LABISValidODSfSMA01Extr04SMATR_RESEAU
DS_SMA_RESEAU.ds,Jx_LABISValidODSfSMA02Trans05AGREGCLIENT
DS_SMA_RES_CLI.ds,Jx_LABISValidODSfSMA01Extr15SMATJ_RES_CLI
DS_SMA_RES_CLI.ds,Jx_LABISValidODSfSMA02Trans07TIERS
DS_SMA_SOCIETES.ds,Jx_LABISValidODSfSMA02Trans13LETTRAGE
DS_SMA_SOCIETES.ds,Jx_LABISValidODSfSMA01Extr05SMATR_SOCIETES
DS_SMA_SOCIETES.ds,Jx_LABISValidODSfSMA02Trans12PAIEMENT
DS_SMA_SOCIETES.ds,Jx_LABISValidODSfSMA02Trans10FACTURE
DS_SMA_SOC_GES_CLI.ds,Jx_LABISValidODSfSMA01Extr13SMATJ_SOC_GES_CLI
DS_SMA_SOUS_CLIENT.ds,Jx_LABISValidODSfSMA01Extr19SMAT_SOUS_CLIENT
DS_SMA_SOUS_CLIENT.ds,Jx_LABISValidODSfSMA02Trans09CONTRAT
DS_SMA_TYPE_CLI.ds,Jx_LABISValidODSfSMA01Extr06SMATR_TYPE_CLI
DS_SMA_TYPE_CLI.ds,Jx_LABISValidODSfSMA02Trans06TYPECPTE
DS_SMA_TYPE_CREANCE.ds,Jx_LABISValidODSfSMA01Extr08SMATR_TYPE_CREANCE
DS_SMA_TYPE_CREANCE.ds,Jx_LABISValidODSfSMA02Trans03TYPEMVT
DS_SMA_TYPE_ECRITURE.ds,Jx_LABISValidODSfSMA01Extr09SMATR_TYPE_ECRITURE
DS_SMA_TYPE_ECRITURE.ds,Jx_LABISValidODSfSMA02Trans04TYPEPAIEMT
DS_SMA_TYPVOIE.ds,Jx_LABISValidODSfSMA01Extr10SMATR_TYPVOIE
DS_SMA_TYPVOIE.ds,Jx_LABISValidODSfSMA02Trans07TIERS
DS_SMA_TYP_CLIENT.ds,Jx_LABISValidODSfSMA01Extr14SMATJ_TYP_CLIENT
DS_SMA_TYP_CLIENT.ds,Jx_LABISValidODSfSMA02Trans08CPTECLIENT
Ds_LABISIntegDWHSELOL01ExtrCATEGCTR.ds,Jx_LABISIntegDWHSELOL03Chrg17CATEGCTR
Ds_LABISIntegDWHSELOL01ExtrCATEGCTR.ds,Jx_LABISIntegDWHSELOL01Extr17CATEGCTR
Ds_LABISIntegDWHSELOL01ExtrCONSOPROV.ds,Jx_LABISIntegDWHSELOL02Trans19CONSOPROV
Ds_LABISIntegDWHSELOL01ExtrCONSOPROV.ds,Jx_LABISIntegDWHSELOL01Extr30CONSOPROV
Ds_LABISIntegDWHSELOL01ExtrCONTRAT.ds,Jx_LABISIntegDWHSELOL02Trans02CONTRAT
Ds_LABISIntegDWHSELOL01ExtrCONTRAT.ds,Jx_LABISIntegDWHSELOL01Extr08CONTRAT
Ds_LABISIntegDWHSELOL01ExtrCPTECLI.ds,Jx_LABISIntegDWHSELOL02Trans01CPTECLI
Ds_LABISIntegDWHSELOL01ExtrCPTECLI.ds,Jx_LABISIntegDWHSELOL01Extr05CPTECLI
Ds_LABISIntegDWHSELOL01ExtrCTREXEC.ds,Jx_LABISIntegDWHSELOL02Trans03CTREXEC
Ds_LABISIntegDWHSELOL01ExtrCTREXEC.ds,Jx_LABISIntegDWHSELOL01Extr09CTREXEC
Ds_LABISIntegDWHSELOL01ExtrCTRPAPIER.ds,Jx_LABISIntegDWHSELOL03Chrg13CTRPAPIER
Ds_LABISIntegDWHSELOL01ExtrCTRPAPIER.ds,Jx_LABISIntegDWHSELOL01Extr13CTRPAPIER
Ds_LABISIntegDWHSELOL01ExtrDECLARATION.ds,Jx_LABISIntegDWHSELOL02Trans12DECLARATION
Ds_LABISIntegDWHSELOL01ExtrDECLARATION.ds,Jx_LABISIntegDWHSELOL01Extr06DECLARATION
Ds_LABISIntegDWHSELOL01ExtrFACTURE.ds,Jx_LABISIntegDWHSELOL02Trans13FACTURE
Ds_LABISIntegDWHSELOL01ExtrFACTURE.ds,Jx_LABISIntegDWHSELOL01Extr22FACTURE
Ds_LABISIntegDWHSELOL01ExtrJCTRCPTCLI.ds,Jx_LABISIntegDWHSELOL02Trans15JCTRCPTCLI
Ds_LABISIntegDWHSELOL01ExtrJCTRCPTCLI.ds,Jx_LABISIntegDWHSELOL01Extr25JCTRCPTCLI
Ds_LABISIntegDWHSELOL01ExtrLETTRAGE.ds,Jx_LABISIntegDWHSELOL02Trans16LETTRAGE
Ds_LABISIntegDWHSELOL01ExtrLETTRAGE.ds,Jx_LABISIntegDWHSELOL01Extr26LETTRAGE
Ds_LABISIntegDWHSELOL01ExtrLIENCTRPAPIER.ds,Jx_LABISIntegDWHSELOL02Trans20LIENCTRPAPIER
Ds_LABISIntegDWHSELOL01ExtrLIENCTRPAPIER.ds,Jx_LABISIntegDWHSELOL01Extr31LIENCTRPAPIER
Ds_LABISIntegDWHSELOL01ExtrLIGCTREXEC.ds,Jx_LABISIntegDWHSELOL02Trans04LIGCTREXEC
Ds_LABISIntegDWHSELOL01ExtrLIGCTREXEC.ds,Jx_LABISIntegDWHSELOL01Extr10LIGCTREXEC
Ds_LABISIntegDWHSELOL01ExtrLIGFACT.ds,Jx_LABISIntegDWHSELOL02Trans14LIGFACT
Ds_LABISIntegDWHSELOL01ExtrLIGFACT.ds,Jx_LABISIntegDWHSELOL01Extr23LIGFACT
Ds_LABISIntegDWHSELOL01ExtrMANDAT.ds,Jx_LABISIntegDWHSELOL02Trans08MANDAT
Ds_LABISIntegDWHSELOL01ExtrMANDAT.ds,Jx_LABISIntegDWHSELOL01Extr14MANDAT
Ds_LABISIntegDWHSELOL01ExtrMANDATREP.ds,Jx_LABISIntegDWHSELOL02Trans10MANDATREP
Ds_LABISIntegDWHSELOL01ExtrMANDATREP.ds,Jx_LABISIntegDWHSELOL01Extr16MANDATREP
Ds_LABISIntegDWHSELOL01ExtrMODELECOM.ds,Jx_LABISIntegDWHSELOL03Chrg19MODELECOM
Ds_LABISIntegDWHSELOL01ExtrMODELECOM.ds,Jx_LABISIntegDWHSELOL01Extr19MODELECOM
Ds_LABISIntegDWHSELOL01ExtrNIVSTAT.ds,Jx_LABISIntegDWHSELOL03Chrg20NIVSTAT
Ds_LABISIntegDWHSELOL01ExtrNIVSTAT.ds,Jx_LABISIntegDWHSELOL01Extr20NIVSTAT
Ds_LABISIntegDWHSELOL01ExtrOFFRES.ds,Jx_LABISIntegDWHSELOL02Trans09OFFRES
Ds_LABISIntegDWHSELOL01ExtrOFFRES.ds,Jx_LABISIntegDWHSELOL01Extr15OFFRES
Ds_LABISIntegDWHSELOL01ExtrOFFRESNOUVELLES.ds,Jx_LABISIntegDWHSELOL02Trans06OFFRESNOUVELLES
Ds_LABISIntegDWHSELOL01ExtrOFFRESNOUVELLES.ds,Jx_LABISIntegDWHSELOL01Extr12OFFRESNOUVELLES
Ds_LABISIntegDWHSELOL01ExtrOFFRESREF.ds,Jx_LABISIntegDWHSELOL02Trans11OFFREREF
Ds_LABISIntegDWHSELOL01ExtrOFFRESREF.ds,Jx_LABISIntegDWHSELOL01Extr02OFFRESREF
Ds_LABISIntegDWHSELOL01ExtrPAIEMENT.ds,Jx_LABISIntegDWHSELOL02Trans17PAIEMENT
Ds_LABISIntegDWHSELOL01ExtrPAIEMENT.ds,Jx_LABISIntegDWHSELOL01Extr29PAIEMENT
Ds_LABISIntegDWHSELOL01ExtrPERIODES.ds,Jx_LABISIntegDWHSELOL03Chrg03PERIODES
Ds_LABISIntegDWHSELOL01ExtrPERIODES.ds,Jx_LABISIntegDWHSELOL01Extr03PERIODES
Ds_LABISIntegDWHSELOL01ExtrSSLIGCTREXEC.ds,Jx_LABISIntegDWHSELOL02Trans05SSLIGCTREXEC
Ds_LABISIntegDWHSELOL01ExtrSSLIGCTREXEC.ds,Jx_LABISIntegDWHSELOL01Extr11SSLIGCTREXEC
Ds_LABISIntegDWHSELOL01ExtrTARIF.ds,Jx_LABISIntegDWHSELOL02Trans18TARIF
Ds_LABISIntegDWHSELOL01ExtrTARIF.ds,Jx_LABISIntegDWHSELOL01Extr27TARIF
Ds_LABISIntegDWHSELOL01ExtrTERRITOIRE.ds,Jx_LABISIntegDWHSELOL03Chrg18TERRITOIRE
Ds_LABISIntegDWHSELOL01ExtrTERRITOIRE.ds,Jx_LABISIntegDWHSELOL01Extr18TERRITOIRE
Ds_LABISIntegDWHSELOL01ExtrTIERS.ds,Jx_LABISIntegDWHSELOL03Chrg07TIERS
Ds_LABISIntegDWHSELOL01ExtrTIERS.ds,Jx_LABISIntegDWHSELOL01Extr07TIERS
Ds_LABISIntegDWHSELOL01ExtrTYPECONTRAT.ds,Jx_LABISIntegDWHSELOL03Chrg01TYPECONTRAT
Ds_LABISIntegDWHSELOL01ExtrTYPECONTRAT.ds,Jx_LABISIntegDWHSELOL01Extr01TYPECONTRAT
Ds_LABISIntegDWHSELOL01ExtrTYPEPAIEMT.ds,Jx_LABISIntegDWHSELOL03Chrg26TYPEPAIEMT
Ds_LABISIntegDWHSELOL01ExtrTYPEPAIEMT.ds,Jx_LABISIntegDWHSELOL01Extr28TYPEPAIEMENT
Ds_LABISIntegDWHSELOL01ExtrTYPMVT.ds,Jx_LABISIntegDWHSELOL03Chrg23TYPMVT
Ds_LABISIntegDWHSELOL01ExtrTYPMVT.ds,Jx_LABISIntegDWHSELOL01Extr24TYPMVT
Ds_LABISIntegDWHSELOL01ExtrTYPUTIL.ds,Jx_LABISIntegDWHSELOL03Chrg21TYPUTIL
Ds_LABISIntegDWHSELOL01ExtrTYPUTIL.ds,Jx_LABISIntegDWHSELOL01Extr21TYPUTIL
Ds_LABISIntegDWHSELOL02Trans01CPTECLI.ds,Jx_LABISIntegDWHSELOL02Trans01CPTECLI
Ds_LABISIntegDWHSELOL02Trans01CPTECLI.ds,Jx_LABISIntegDWHSELOL03Chrg05CPTECLI
Ds_LABISIntegDWHSELOL02Trans02CONTRAT.ds,Jx_LABISIntegDWHSELOL02Trans02CONTRAT
Ds_LABISIntegDWHSELOL02Trans02CONTRAT.ds,Jx_LABISIntegDWHSELOL03Chrg08CONTRAT
Ds_LABISIntegDWHSELOL02Trans03CTREXEC.ds,Jx_LABISIntegDWHSELOL02Trans03CTREXEC
Ds_LABISIntegDWHSELOL02Trans03CTREXEC.ds,Jx_LABISIntegDWHSELOL03Chrg09CTREXEC
Ds_LABISIntegDWHSELOL02Trans03CTREXEC_Rejet.ds,Jx_LABISIntegDWHSELOL02Trans03CTREXEC
Ds_LABISIntegDWHSELOL02Trans04LIGCTREXEC.ds,Jx_LABISIntegDWHSELOL02Trans04LIGCTREXEC
Ds_LABISIntegDWHSELOL02Trans04LIGCTREXEC.ds,Jx_LABISIntegDWHSELOL03Chrg10LIGCTREXEC
Ds_LABISIntegDWHSELOL02Trans05SSLIGCTREXEC.ds,Jx_LABISIntegDWHSELOL02Trans05SSLIGCTREXEC
Ds_LABISIntegDWHSELOL02Trans05SSLIGCTREXEC.ds,Jx_LABISIntegDWHSELOL03Chrg11SSLIGCTREXEC
Ds_LABISIntegDWHSELOL02Trans06OFFRESNOUVELLES.ds,Jx_LABISIntegDWHSELOL02Trans06OFFRESNOUVELLES
Ds_LABISIntegDWHSELOL02Trans06OFFRESNOUVELLES.ds,Jx_LABISIntegDWHSELOL03Chrg12OFFRESNOUVELLES
Ds_LABISIntegDWHSELOL02Trans08MANDAT.ds,Jx_LABISIntegDWHSELOL02Trans08MANDAT
Ds_LABISIntegDWHSELOL02Trans08MANDAT.ds,Jx_LABISIntegDWHSELOL03Chrg14MANDAT
Ds_LABISIntegDWHSELOL02Trans09OFFRES.ds,Jx_LABISIntegDWHSELOL02Trans09OFFRES
Ds_LABISIntegDWHSELOL02Trans09OFFRES.ds,Jx_LABISIntegDWHSELOL03Chrg15OFFRES
Ds_LABISIntegDWHSELOL02Trans10MANDATREP.ds,Jx_LABISIntegDWHSELOL02Trans10MANDATREP
Ds_LABISIntegDWHSELOL02Trans10MANDATREP.ds,Jx_LABISIntegDWHSELOL03Chrg16MANDATREP
Ds_LABISIntegDWHSELOL02Trans11OFFRESREF.ds,Jx_LABISIntegDWHSELOL02Trans11OFFREREF
Ds_LABISIntegDWHSELOL02Trans11OFFRESREF.ds,Jx_LABISIntegDWHSELOL03Chrg02OFFRESREF
Ds_LABISIntegDWHSELOL02Trans12DECLARATION.ds,Jx_LABISIntegDWHSELOL02Trans12DECLARATION
Ds_LABISIntegDWHSELOL02Trans12DECLARATION.ds,Jx_LABISIntegDWHSELOL03Chrg06DECLARATION
Ds_LABISIntegDWHSELOL02Trans13FACTURE.ds,Jx_LABISIntegDWHSELOL02Trans13FACTURE
Ds_LABISIntegDWHSELOL02Trans13FACTURE.ds,Jx_LABISIntegDWHSELOL03Chrg22FACTURE
Ds_LABISIntegDWHSELOL02Trans14LIGFACT.ds,Jx_LABISIntegDWHSELOL02Trans14LIGFACT
Ds_LABISIntegDWHSELOL02Trans14LIGFACT.ds,Jx_LABISIntegDWHSELOL03Chrg24LIGFACT
Ds_LABISIntegDWHSELOL02Trans15JCTRCPTCLI.ds,Jx_LABISIntegDWHSELOL02Trans15JCTRCPTCLI
Ds_LABISIntegDWHSELOL02Trans15JCTRCPTCLI.ds,Jx_LABISIntegDWHSELOL03Chrg25JCTRCPTCLI
Ds_LABISIntegDWHSELOL02Trans16LETTRAGE.ds,Jx_LABISIntegDWHSELOL02Trans16LETTRAGE
Ds_LABISIntegDWHSELOL02Trans16LETTRAGE.ds,Jx_LABISIntegDWHSELOL03Chrg29LETTRAGE
Ds_LABISIntegDWHSELOL02Trans17PAIEMENT.ds,Jx_LABISIntegDWHSELOL02Trans17PAIEMENT
Ds_LABISIntegDWHSELOL02Trans17PAIEMENT.ds,Jx_LABISIntegDWHSELOL03Chrg27PAIEMENT
Ds_LABISIntegDWHSELOL02Trans18TARIF.ds,Jx_LABISIntegDWHSELOL02Trans18TARIF
Ds_LABISIntegDWHSELOL02Trans18TARIF.ds,Jx_LABISIntegDWHSELOL03Chrg28TARIF
Ds_LABISIntegDWHSELOL02Trans19CONSOPROV.ds,Jx_LABISIntegDWHSELOL02Trans19CONSOPROV
Ds_LABISIntegDWHSELOL02Trans19CONSOPROV.ds,Jx_LABISIntegDWHSELOL03Chrg30CONSOPROV
Ds_LABISIntegDWHSELOL02Trans20LIENCTRPAPIER.ds,Jx_LABISIntegDWHSELOL02Trans20LIENCTRPAPIER
Ds_LABISIntegDWHSELOL02Trans20LIENCTRPAPIER.ds,Jx_LABISIntegDWHSELOL03Chrg31LIENCTRPAP
Ds_LABISValidODSfCOPS01Extr01VFACTURE.ds,Jx_LABISValidODSfCOPS01Extr01VFACTURE
Ds_LABISValidODSfCOPS01Extr01VFACTURE.ds,Jx_LABISValidODSfCOPS02Trans02TIERS
Ds_LABISValidODSfCOPS01Extr01VFACTURE.ds,Jx_LABISValidODSfCOPS02Trans03TYPECOMPTECLIENT
Ds_LABISValidODSfCOPS01Extr01VFACTURE.ds,Jx_LABISValidODSfCOPS02Trans04COMPTECLIENT
Ds_LABISValidODSfCOPS01Extr01VFACTURE.ds,Jx_LABISValidODSfCOPS02Trans05UO
Ds_LABISValidODSfCOPS01Extr01VFACTURE.ds,Jx_LABISValidODSfCOPS02Trans06TYPEDROIT
Ds_LABISValidODSfCOPS01Extr01VFACTURE.ds,Jx_LABISValidODSfCOPS02Trans07CODEGENRE
Ds_LABISValidODSfCOPS01Extr01VFACTURE.ds,Jx_LABISValidODSfCOPS02Trans08SOCIETEINTERCO
Ds_LABISValidODSfCOPS01Extr01VFACTURE.ds,Jx_LABISValidODSfCOPS02Trans13FACTURE
Ds_LABISValidODSfCOPS01Extr01VFACTURE.ds,Jx_LABISValidODSfCOPS02Trans14LIGNEFACTURE
Ds_LABISValidODSfCOPS01Extr02VTYPE_SUPPORT.ds,Jx_LABISValidODSfCOPS01Extr02VTYPE_SUPPORT
Ds_LABISValidODSfCOPS01Extr03VCOMPTE_CLIENT.ds,Jx_LABISValidODSfCOPS02Trans02TIERS
Ds_LABISValidODSfCOPS01Extr03VCOMPTE_CLIENT.ds,Jx_LABISValidODSfCOPS01Extr03VCOMPTE_CLIENT
Ds_LABISValidODSfCOPS01Extr04VSOCIETE.ds,Jx_LABISValidODSfCOPS02Trans09SOCIETE
Ds_LABISValidODSfCOPS01Extr04VSOCIETE.ds,Jx_LABISValidODSfCOPS01Extr04VSOCIETE
Ds_LABISValidODSfCOPS01Extr05VLETTRAGE.ds,Jx_LABISValidODSfCOPS02Trans15LETTRAGE
Ds_LABISValidODSfCOPS01Extr05VLETTRAGE.ds,Jx_LABISValidODSfCOPS01Extr05VLETTRAGE
Ds_LABISValidODSfCOPS01Extr06VPAIEMENT.ds,Jx_LABISValidODSfCOPS01Extr06VPAIEMENT
Ds_LABISValidODSfCOPS01Extr07TYPE_DROIT.ds,Jx_LABISValidODSfCOPS02Trans03TYPECOMPTECLIENT
Ds_LABISValidODSfCOPS01Extr07TYPE_DROIT.ds,Jx_LABISValidODSfCOPS01Extr07TYPE_DROIT
Ds_LABISValidODSfCOPS01Extr08CATEGORIE_DROIT.ds,Jx_LABISValidODSfCOPS01Extr08CATEGORIE_DROIT
Ds_LABISValidODSfCOPS01Extr08CATEGORIE_DROIT.ds,Jx_LABISValidODSfCOPS02Trans03TYPECOMPTECLIENT
Ds_LABISValidODSfCOPS01Extr09TYPEMOUVEMENT.ds,Jx_LABISValidODSfCOPS01Extr09TYPEMOUVEMENT
Ds_LABISValidODSfCOPS01Extr09TYPEMOUVEMENT.ds,Jx_LABISValidODSfCOPS02Trans01TYPEMOUVEMENT
Ds_LABISValidODSfCOPS02Trans01TYPEMOUVEMENT.ds,Jx_LABISValidODSfCOPS02Trans01TYPEMOUVEMENT
Ds_LABISValidODSfCOPS02Trans02TIERS.ds,Jx_LABISValidODSfCOPS02Trans02TIERS
Ds_LABISValidODSfCOPS02Trans03TYPECOMPTECLIENT.ds,Jx_LABISValidODSfCOPS02Trans03TYPECOMPTECLIENT
Ds_LABISValidODSfCOPS02Trans04COMPTECLIENT.ds,Jx_LABISValidODSfCOPS02Trans04COMPTECLIENT
Ds_LABISValidODSfCOPS02Trans05UO.ds,Jx_LABISValidODSfCOPS02Trans05UO
Ds_LABISValidODSfCOPS02Trans06TYPEDROIT.ds,Jx_LABISValidODSfCOPS02Trans06TYPEDROIT
Ds_LABISValidODSfCOPS02Trans07CODEGENRE.ds,Jx_LABISValidODSfCOPS02Trans07CODEGENRE
Ds_LABISValidODSfCOPS02Trans08SOCIETEINTERCO.ds,Jx_LABISValidODSfCOPS02Trans08SOCIETEINTERCO
Ds_LABISValidODSfCOPS02Trans09SOCIETE.ds,Jx_LABISValidODSfCOPS02Trans09SOCIETE
Ds_LABISValidODSfCOPS02Trans13FACTURE.ds,Jx_LABISValidODSfCOPS02Trans13FACTURE
Ds_LABISValidODSfCOPS02Trans14LIGNEFACTURE.ds,Jx_LABISValidODSfCOPS02Trans14LIGNEFACTURE
Ds_LABISValidODSfCOPS02Trans15LETTRAGE.ds,Jx_LABISValidODSfCOPS02Trans15LETTRAGE
Ds_LABISValidODSfOCTAVTR_CATEGGRE.ds,Jx_LABISValidODSfOCTAV01ExtrCATEGGRE
Ds_LABISValidODSfOCTAVTR_TYPOEUV.ds,Jx_LABISValidODSfOCTAV01ExtrTYPOEUV
Ds_LABISValidODSfOCTAVT_AD_DECLARANT.ds,Jx_LABISValidODSfOCTAV02Tran_DECLARANT
Ds_LABISValidODSfOCTAVT_EPISODE.ds,Jx_LABISValidODSfOCTAV01ExtrEPISODE
Ds_LABISValidODSfOCTAVT_ETATDECL.ds,Jx_LABISValidODSfOCTAV01ExtrETATDECL
Ds_LABISValidODSfOCTAVT_ETATDOC.ds,Jx_LABISValidODSfOCTAV01ExtrETATDOC
Ds_LABISValidODSfOCTAVT_GREMUS.ds,Jx_LABISValidODSfOCTAV01ExtrGREMUS
Ds_LABISValidODSfOCTAVT_GREOEUV.ds,Jx_LABISValidODSfOCTAV02Tran_OEUVRE
Ds_LABISValidODSfOCTAVT_GREOEUV.ds,Jx_LABISValidODSfOCTAV01ExtrGREOEUV
Ds_LABISValidODSfOCTAVT_GREOEUV.ds,Jx_LABISValidODSfOCTAV02Tran_OEUVDECLT
Ds_LABISValidODSfOCTAVT_IDE12ARCHIV.ds,Jx_LABISValidODSfOCTAV01ExtrIDE12ARCHIV
Ds_LABISValidODSfOCTAVT_MOTIFNONGEST.ds,Jx_LABISValidODSfOCTAV01ExtrMOTIFNONGEST
Ds_LABISValidODSfOCTAVT_OEUVDECLT_T.ds,Jx_LABISValidODSfOCTAV02Tran_OEUVDECLT
Ds_LABISValidODSfOCTAVT_OEUVRE.ds,Jx_LABISValidODSfOCTAV02Tran_OEUVRE
Ds_LABISValidODSfOCTAVT_PARTICIPANT.ds,Jx_LABISValidODSfOCTAV02Tran_PARTICIPANT
Ds_LABISValidODSfOCTAVT_ROLADDECLT.ds,Jx_LABISValidODSfOCTAV01ExtrROLADDECLT
Ds_LABISValidODSfOCTAVT_ROLADDECLT.ds,Jx_LABISValidODSfOCTAV02Tran_DECLARANT
Ds_LABISValidODSfOCTAVT_STATUTOEUV.ds,Jx_LABISValidODSfOCTAV01ExtrSTATUTOEUV
Ds_LABISValidODSfOCTAVT_STATUTOEUVDECL.ds,Jx_LABISValidODSfOCTAV01ExtrSTATUTOEUVDECL
Ds_LABISValidODSfOCTAVT_TYPDEPOT.ds,Jx_LABISValidODSfOCTAV01ExtrTYPDEPOT
Ds_LABISValidODSfOCTAVT_TYPDOC.ds,Jx_LABISValidODSfOCTAV01ExtrTYPDOC
Ds_LABISValidODSfOCTAVT_TYPPUBLCTN.ds,Jx_LABISValidODSfOCTAV01ExtrTYPPUBLCTN
Ds_LABISValidODSfOCTAV_ADDECLT.ds,Jx_LABISValidODSfOCTAV01ExtrADDECLT
Ds_LABISValidODSfOCTAV_ADDECLT.ds,Jx_LABISValidODSfOCTAV02Tran_DECLARANT
Ds_LABISValidODSfOCTAV_ISWC.ds,Jx_LABISValidODSfOCTAV02Tran_OEUVRE
Ds_LABISValidODSfOCTAV_ISWC.ds,Jx_LABISValidODSfOCTAV01ExtrISWC
Ds_LABISValidODSfOCTAV_MARQUE.ds,Jx_LABISValidODSfOCTAV02Tran_OEUVRE
Ds_LABISValidODSfOCTAV_MARQUE.ds,Jx_LABISValidODSfOCTAV01ExtrMARQUE
Ds_LABISValidODSfOCTAV_NOMPARTPT.ds,Jx_LABISValidODSfOCTAV01ExtrNOMPARTPT
Ds_LABISValidODSfOCTAV_NOMPARTPT.ds,Jx_LABISValidODSfOCTAV02Tran_PARTICIPANT
Ds_LABISValidODSfOCTAV_OEUV.ds,Jx_LABISValidODSfOCTAV01ExtrOEUV
Ds_LABISValidODSfOCTAV_OEUV.ds,Jx_LABISValidODSfOCTAV02Tran_OEUVRE
Ds_LABISValidODSfOCTAV_OEUVAV.ds,Jx_LABISValidODSfOCTAV02Tran_OEUVRE
Ds_LABISValidODSfOCTAV_OEUVAV.ds,Jx_LABISValidODSfOCTAV01ExtrOEUVAV
Ds_LABISValidODSfOCTAV_OEUVDECLT.ds,Jx_LABISValidODSfOCTAV01ExtrOEUVDECLT
Ds_LABISValidODSfOCTAV_OEUVDECLT.ds,Jx_LABISValidODSfOCTAV02Tran_OEUVDECLT
Ds_LABISValidODSfOCTAV_OEUVINDIV.ds,Jx_LABISValidODSfOCTAV01ExtrOEUVINDIV
Ds_LABISValidODSfOCTAV_OEUVINDIV.ds,Jx_LABISValidODSfOCTAV02Tran_OEUVRE
Ds_LABISValidODSfOCTAV_PARTPT.ds,Jx_LABISValidODSfOCTAV01ExtrPARTPT
Ds_LABISValidODSfOCTAV_PARTPT.ds,Jx_LABISValidODSfOCTAV02Tran_PARTICIPANT
Ds_LABISValidODSfOCTAV_PRDTPUB.ds,Jx_LABISValidODSfOCTAV02Tran_OEUVRE
Ds_LABISValidODSfOCTAV_PRDTPUB.ds,Jx_LABISValidODSfOCTAV01ExtrPRDTPUB
Ds_LABISValidODSfOCTAV_PUB.ds,Jx_LABISValidODSfOCTAV02Tran_OEUVRE
Ds_LABISValidODSfOCTAV_PUB.ds,Jx_LABISValidODSfOCTAV01ExtrPUB
Ds_LABISValidODSfOCTAV_SERIE.ds,Jx_LABISValidODSfOCTAV02Tran_OEUVRE
Ds_LABISValidODSfOCTAV_SERIE.ds,Jx_LABISValidODSfOCTAV01ExtrSERIE
Ds_LABISValidODSfOCTAV_SYNCATLAS.ds,Jx_LABISValidODSfOCTAV02Tran_OEUVRE
Ds_LABISValidODSfOCTAV_SYNCATLAS.ds,Jx_LABISValidODSfOCTAV01ExtrSYNCATLAS
Ds_LABISValidODSfOCTAV_TITRDECLT.ds,Jx_LABISValidODSfOCTAV01ExtrTITRDECLT
Ds_LABISValidODSfOCTAV_TITRDECLT.ds,Jx_LABISValidODSfOCTAV02Tran_OEUVDECLT
Ds_LABISValidODSfOCTAV_TITRE.ds,Jx_LABISValidODSfOCTAV02Tran_OEUVRE
Ds_LABISValidODSfOCTAV_TITRE.ds,Jx_LABISValidODSfOCTAV01ExtrTITRE
Ds_LABISValidODSfOSCAR01Extr01TYPADR.ds,Jx_LABISValidODSfOSCAR01Extr01TYPADR
Ds_LABISValidODSfOSCAR01Extr01TYPADR.ds,Jx_LABISValidODSfOSCAR02Trans01TYPADR
Ds_LABISValidODSfOSCAR01Extr02GRECOAD.ds,Jx_LABISValidODSfOSCAR01Extr02GRECOAD
Ds_LABISValidODSfOSCAR01Extr02GRECOAD.ds,Jx_LABISValidODSfOSCAR02Trans02GRECOAD
Ds_LABISValidODSfOSCAR01Extr03CLASSIFEDITEUR.ds,Jx_LABISValidODSfOSCAR01Extr03CLASSIFEDITEUR
Ds_LABISValidODSfOSCAR01Extr03CLASSIFEDITEUR.ds,Jx_LABISValidODSfOSCAR02Trans03CLASSIFEDITEUR
Ds_LABISValidODSfOSCAR01Extr04QUALSTATUT.ds,Jx_LABISValidODSfOSCAR02Trans04QUALSTATUT
Ds_LABISValidODSfOSCAR01Extr04QUALSTATUT.ds,Jx_LABISValidODSfOSCAR01Extr04QUALSTATUT
Ds_LABISValidODSfOSCAR01Extr05TYPNOM.ds,Jx_LABISValidODSfOSCAR02Trans05TYPNOM
Ds_LABISValidODSfOSCAR01Extr05TYPNOM.ds,Jx_LABISValidODSfOSCAR01Extr05TYPNOM
Ds_LABISValidODSfOSCAR01Extr06CATAL.ds,Jx_LABISValidODSfOSCAR02Trans08COAD
Ds_LABISValidODSfOSCAR01Extr06CATAL.ds,Jx_LABISValidODSfOSCAR01Extr06CATAL
Ds_LABISValidODSfOSCAR01Extr07CATALPERS.ds,Jx_LABISValidODSfOSCAR01Extr07CATALPERS
Ds_LABISValidODSfOSCAR01Extr07CATALPERS.ds,Jx_LABISValidODSfOSCAR02Trans07CATALPERS
Ds_LABISValidODSfOSCAR01Extr08COAD.ds,Jx_LABISValidODSfOSCAR02Trans07CATALPERS
Ds_LABISValidODSfOSCAR01Extr08COAD.ds,Jx_LABISValidODSfOSCAR02Trans08COAD
Ds_LABISValidODSfOSCAR01Extr08COAD.ds,Jx_LABISValidODSfOSCAR01Extr08COAD
Ds_LABISValidODSfOSCAR01Extr09PERSREF.ds,Jx_LABISValidODSfOSCAR02Trans09PERS
Ds_LABISValidODSfOSCAR01Extr09PERSREF.ds,Jx_LABISValidODSfOSCAR01Extr09PERSREF
Ds_LABISValidODSfOSCAR01Extr10CARRIERE.ds,Jx_LABISValidODSfOSCAR02Trans10bROLES
Ds_LABISValidODSfOSCAR01Extr10CARRIERE.ds,Jx_LABISValidODSfOSCAR02Trans10aCARRIERE
Ds_LABISValidODSfOSCAR01Extr10CARRIERE.ds,Jx_LABISValidODSfOSCAR02Trans10cQUALSTATUT
Ds_LABISValidODSfOSCAR01Extr10CARRIERE.ds,Jx_LABISValidODSfOSCAR01Extr10CARRIERE
Ds_LABISValidODSfOSCAR01Extr11JCLASSIFEDITEUR.ds,Jx_LABISValidODSfOSCAR01Extr11JCLASSIFEDITEUR
Ds_LABISValidODSfOSCAR01Extr11JCLASSIFEDITEUR.ds,Jx_LABISValidODSfOSCAR02Trans11JCLASSIFEDITEUR
Ds_LABISValidODSfOSCAR01Extr12NOM.ds,Jx_LABISValidODSfOSCAR02Trans12NOM
Ds_LABISValidODSfOSCAR01Extr12NOM.ds,Jx_LABISValidODSfOSCAR01Extr12NOM
Ds_LABISValidODSfOSCAR01Extr13ADRPERS.ds,Jx_LABISValidODSfOSCAR02Trans13ADRESSES
Ds_LABISValidODSfOSCAR01Extr13ADRPERS.ds,Jx_LABISValidODSfOSCAR01Extr13ADRPERS
Ds_LABISValidODSfOSCAR01Extr14APPORT.ds,Jx_LABISValidODSfOSCAR01Extr14APPORT
Ds_LABISValidODSfOSCAR01Extr14APPORT.ds,Jx_LABISValidODSfOSCAR02Trans14APPORT
Ds_LABISValidODSfOSCAR01Extr15DETAPPORT.ds,Jx_LABISValidODSfOSCAR01Extr15DETAPPORT
Ds_LABISValidODSfOSCAR01Extr15DETAPPORT.ds,Jx_LABISValidODSfOSCAR02Trans15DETAPPORT
Ds_LABISValidODSfOSCAR01Extr16ADRNUMPERS.ds,Jx_LABISValidODSfOSCAR02Trans16ADRNUMPERS
Ds_LABISValidODSfOSCAR01Extr16ADRNUMPERS.ds,Jx_LABISValidODSfOSCAR01Extr16ADRNUMPERS
Ds_LABISValidODSfOSCAR01Extr17PARAMPROMO.ds,Jx_LABISValidODSfOSCAR02Trans17PARAMPROMO
Ds_LABISValidODSfOSCAR01Extr17PARAMPROMO.ds,Jx_LABISValidODSfOSCAR01Extr17PARAMPROMO
Ds_LABISValidODSfOSCAR01Extr18TITRES.ds,Jx_LABISValidODSfOSCAR02Trans09PERS
Ds_LABISValidODSfOSCAR01Extr18TITRES.ds,Jx_LABISValidODSfOSCAR01Extr18TITRES
Ds_LABISValidODSfOSCAR01Extr19TITREHONOR.ds,Jx_LABISValidODSfOSCAR02Trans18TITRES
Ds_LABISValidODSfOSCAR01Extr19TITREHONOR.ds,Jx_LABISValidODSfOSCAR01Extr19TITREHONOR
Ds_LABISValidODSfOSCAR01Extr20PERS.ds,Jx_LABISValidODSfOSCAR02Trans09PERS
Ds_LABISValidODSfOSCAR01Extr20PERS.ds,Jx_LABISValidODSfOSCAR01Extr20PERS
Ds_LABISValidODSfOSCAR01Extr21ADRELEC.ds,Jx_LABISValidODSfOSCAR02Trans19ADRESSELEC
Ds_LABISValidODSfOSCAR01Extr21ADRELEC.ds,Jx_LABISValidODSfOSCAR01Extr21ADRELEC
Ds_LABISValidODSfOSCAR01Extr22NUMTEL.ds,Jx_LABISValidODSfOSCAR01Extr22NUMTEL
Ds_LABISValidODSfOSCAR01Extr22NUMTEL.ds,Jx_LABISValidODSfOSCAR02Trans20NUMTEL
Ds_LABISValidODSfOSCAR02Trans01TYPADR.ds,Jx_LABISValidODSfOSCAR02Trans01TYPADR
Ds_LABISValidODSfOSCAR02Trans02GRECOAD.ds,Jx_LABISValidODSfOSCAR02Trans02GRECOAD
Ds_LABISValidODSfOSCAR02Trans03CLASSIFEDITEUR.ds,Jx_LABISValidODSfOSCAR02Trans03CLASSIFEDITEUR
Ds_LABISValidODSfOSCAR02Trans04QUALSTATUT.ds,Jx_LABISValidODSfOSCAR02Trans04QUALSTATUT
Ds_LABISValidODSfOSCAR02Trans05TYPNOM.ds,Jx_LABISValidODSfOSCAR02Trans05TYPNOM
Ds_LABISValidODSfOSCAR02Trans07CATALPERS.ds,Jx_LABISValidODSfOSCAR02Trans07CATALPERS
Ds_LABISValidODSfOSCAR02Trans08COAD.ds,Jx_LABISValidODSfOSCAR02Trans08COAD
Ds_LABISValidODSfOSCAR02Trans09PERS.ds,Jx_LABISValidODSfOSCAR02Trans09PERS
Ds_LABISValidODSfOSCAR02Trans10aCARRIERE.ds,Jx_LABISValidODSfOSCAR02Trans10aCARRIERE
Ds_LABISValidODSfOSCAR02Trans10bROLES.ds,Jx_LABISValidODSfOSCAR02Trans10bROLES
Ds_LABISValidODSfOSCAR02Trans10cQUALSTATUT.ds,Jx_LABISValidODSfOSCAR02Trans10cQUALSTATUT
Ds_LABISValidODSfOSCAR02Trans11JCLASSIFEDITEUR.ds,Jx_LABISValidODSfOSCAR02Trans11JCLASSIFEDITEUR
Ds_LABISValidODSfOSCAR02Trans12NOM.ds,Jx_LABISValidODSfOSCAR02Trans12NOM
Ds_LABISValidODSfOSCAR02Trans13ADRESSES.ds,Jx_LABISValidODSfOSCAR02Trans13ADRESSES
Ds_LABISValidODSfOSCAR02Trans14APPORT.ds,Jx_LABISValidODSfOSCAR02Trans14APPORT
Ds_LABISValidODSfOSCAR02Trans15DETAPPORT.ds,Jx_LABISValidODSfOSCAR02Trans15DETAPPORT
Ds_LABISValidODSfOSCAR02Trans16ADRNUMPERS.ds,Jx_LABISValidODSfOSCAR02Trans16ADRNUMPERS
Ds_LABISValidODSfOSCAR02Trans17PARAMPROMO.ds,Jx_LABISValidODSfOSCAR02Trans17PARAMPROMO
Ds_LABISValidODSfOSCAR02Trans18TITREHONOR.ds,Jx_LABISValidODSfOSCAR02Trans18TITRES
Ds_LABISValidODSfOSCAR02Trans19ADRESSELEC.ds,Jx_LABISValidODSfOSCAR02Trans19ADRESSELEC
Ds_LABISValidODSfOSCAR02Trans20NUMTEL.ds,Jx_LABISValidODSfOSCAR02Trans20NUMTEL
Ds_LABISValidODSfPORTL01Extr01DDECTR.ds,Jx_LABISValidODSfPORTL01Extr01DDECTR
Ds_LABISValidODSfPORTL01Extr01DDECTR.ds,Jx_LABISValidODSfPORTL02Trans01DDECTR
Ds_LABISValidODSfPORTL01Extr02DDEINT.ds,Jx_LABISValidODSfPORTL01Extr02DDEINT
Ds_LABISValidODSfPORTL01Extr02DDEINT.ds,Jx_LABISValidODSfPORTL02Trans02DDEINT
Ds_LABISValidODSfPORTL01Extr03PAIEMT.ds,Jx_LABISValidODSfPORTL01Extr03PAIEMT
Ds_LABISValidODSfPORTL01Extr03PAIEMT.ds,Jx_LABISValidODSfPORTL02Trans03PAIEMT
Ds_LABISValidODSfPORTL01Extr04EXTCONTRAT.ds,Jx_LABISValidODSfPORTL01Extr04EXTCONTRAT
Ds_LABISValidODSfPORTL01Extr04EXTCONTRAT.ds,Jx_LABISValidODSfPORTL02Trans01DDECTR
Ds_LABISValidODSfPORTL01Extr05RECEIPTS.ds,Jx_LABISValidODSfPORTL01Extr05RECEIPTS
Ds_LABISValidODSfPORTL01Extr05RECEIPTS.ds,Jx_LABISValidODSfPORTL02Trans04PAIEMTSELDR
Ds_LABISValidODSfPORTL01Extr06RECEIPTMETHOD.ds,Jx_LABISValidODSfPORTL01Extr06RECEIPTMETHOD
Ds_LABISValidODSfPORTL01Extr06RECEIPTMETHOD.ds,Jx_LABISValidODSfPORTL02Trans05TYPEPAIEMT
Ds_LABISValidODSfPORTL01Extr07RECEIPTCLASS.ds,Jx_LABISValidODSfPORTL02Trans05TYPEPAIEMT
Ds_LABISValidODSfPORTL01Extr07RECEIPTCLASS.ds,Jx_LABISValidODSfPORTL01Extr07RECEIPTCLASS
Ds_LABISValidODSfPORTL01Extr08GROUPS.ds,Jx_LABISValidODSfPORTL01Extr08GROUPS
Ds_LABISValidODSfPORTL01Extr08GROUPS.ds,Jx_LABISValidODSfPORTL02Trans01DDECTR
Ds_LABISValidODSfPORTL01Extr08GROUPS.ds,Jx_LABISValidODSfPORTL02Trans02DDEINT
Ds_LABISValidODSfPORTL02Trans01DDECTR.ds,Jx_LABISValidODSfPORTL02Trans01DDECTR
Ds_LABISValidODSfPORTL02Trans02DDEINT.ds,Jx_LABISValidODSfPORTL02Trans02DDEINT
Ds_LABISValidODSfPORTL02Trans03PAIEMT.ds,Jx_LABISValidODSfPORTL02Trans03PAIEMT
Ds_LABISValidODSfPORTL02Trans04PAIEMTSELDR.ds,Jx_LABISValidODSfPORTL02Trans04PAIEMTSELDR
Ds_LABISValidODSfPORTL02Trans05TYPEPAIEMT.ds,Jx_LABISValidODSfPORTL02Trans05TYPEPAIEMT
Ds_LABISValidODSfSELDR01Extr01FNDLOOKUP.ds,Jx_LABISValidODSfSELDR02Trans00CONTENTIEUX
Ds_LABISValidODSfSELDR01Extr01FNDLOOKUP.ds,Jx_LABISValidODSfSELDR02Trans01BANDEMAGNETIQUE
Ds_LABISValidODSfSELDR01Extr01FNDLOOKUP.ds,Jx_LABISValidODSfSELDR02Trans02MOYENDIFFUSION
Ds_LABISValidODSfSELDR01Extr01FNDLOOKUP.ds,Jx_LABISValidODSfSELDR02Trans03STRUCTURECONTRAT
Ds_LABISValidODSfSELDR01Extr01FNDLOOKUP.ds,Jx_LABISValidODSfSELDR02Trans04CONTRATROLE
Ds_LABISValidODSfSELDR01Extr01FNDLOOKUP.ds,Jx_LABISValidODSfSELDR02Trans06CODECATEGORIE
Ds_LABISValidODSfSELDR01Extr01FNDLOOKUP.ds,Jx_LABISValidODSfSELDR02Trans07CODENATURE
Ds_LABISValidODSfSELDR01Extr01FNDLOOKUP.ds,Jx_LABISValidODSfSELDR02Trans08TYPECONTRAT
Ds_LABISValidODSfSELDR01Extr01FNDLOOKUP.ds,Jx_LABISValidODSfSELDR01Extr01FNDLOOKUP
Ds_LABISValidODSfSELDR01Extr02TDFFACTURE.ds,Jx_LABISValidODSfSELDR02Trans12FACTURE
Ds_LABISValidODSfSELDR01Extr02TDFFACTURE.ds,Jx_LABISValidODSfSELDR02Trans13LIGNEFACTURE
Ds_LABISValidODSfSELDR01Extr02TDFFACTURE.ds,Jx_LABISValidODSfSELDR01Extr02TDFFACTURE
Ds_LABISValidODSfSELDR01Extr03TDFCONTRAT.ds,Jx_LABISValidODSfSELDR02Trans11CONTRAT
Ds_LABISValidODSfSELDR01Extr03TDFCONTRAT.ds,Jx_LABISValidODSfSELDR01Extr03TDFCONTRAT
Ds_LABISValidODSfSELDR01Extr04GROUPESSTATSCONTRAT.ds,Jx_LABISValidODSfSELDR02Trans07CODENATURE
Ds_LABISValidODSfSELDR01Extr04GROUPESSTATSCONTRAT.ds,Jx_LABISValidODSfSELDR02Trans08TYPECONTRAT
Ds_LABISValidODSfSELDR01Extr04GROUPESSTATSCONTRAT.ds,Jx_LABISValidODSfSELDR01Extr04GROUPESSTATSCONTRAT
Ds_LABISValidODSfSELDR01Extr05_OKC_K_PARTY_ROLES_B.ds,Jx_LABISValidODSfSELDR01Extr05_OKC_K_PARTY_ROLES_B
Ds_LABISValidODSfSELDR01Extr05_OKC_K_PARTY_ROLES_B.ds,Jx_LABISValidODSfSELDR02Trans15PROGRAMME
Ds_LABISValidODSfSELDR01Extr05_OKC_K_PARTY_ROLES_B.ds,Jx_LABISValidODSfSELDR02Trans18CONTRATROLE
Ds_LABISValidODSfSELDR01Extr06TIERS.ds,Jx_LABISValidODSfSELDR02Trans05TIERS
Ds_LABISValidODSfSELDR01Extr06TIERS.ds,Jx_LABISValidODSfSELDR01Extr06TIERS
Ds_LABISValidODSfSELDR01Extr07LIGNECONTRAT.ds,Jx_LABISValidODSfSELDR02Trans09LIGNECONTRAT
Ds_LABISValidODSfSELDR01Extr07LIGNECONTRAT.ds,Jx_LABISValidODSfSELDR01Extr07LIGNECONTRAT
Ds_LABISValidODSfSELDR01Extr08COMPTECLIENT.ds,Jx_LABISValidODSfSELDR02Trans10COMPTECLIENT
Ds_LABISValidODSfSELDR01Extr08COMPTECLIENT.ds,Jx_LABISValidODSfSELDR01Extr08COMPTECLIENT
Ds_LABISValidODSfSELDR01Extr09TDFLETTRAGE.ds,Jx_LABISValidODSfSELDR02Trans14LETTRAGE
Ds_LABISValidODSfSELDR01Extr09TDFLETTRAGE.ds,Jx_LABISValidODSfSELDR01Extr09TDFLETTRAGE
Ds_LABISValidODSfSELDR01Extr10ITEMS.ds,Jx_LABISValidODSfSELDR02Trans09LIGNECONTRAT
Ds_LABISValidODSfSELDR01Extr10ITEMS.ds,Jx_LABISValidODSfSELDR01Extr10ITEMS
Ds_LABISValidODSfSELDR01Extr11HISTOELIZA.ds,Jx_LABISValidODSfSELDR02Trans15PROGRAMME
Ds_LABISValidODSfSELDR01Extr11HISTOELIZA.ds,Jx_LABISValidODSfSELDR01Extr11HISTOELIZA
Ds_LABISValidODSfSELDR01Extr12ELIZASEANCE.ds,Jx_LABISValidODSfSELDR02Trans15PROGRAMME
Ds_LABISValidODSfSELDR01Extr12ELIZASEANCE.ds,Jx_LABISValidODSfSELDR01Extr12ELIZASEANCE
Ds_LABISValidODSfSELDR01Extr13_OKC_K_HEADERS_B.ds,Jx_LABISValidODSfSELDR01Extr13_OKC_K_HEADERS_B
Ds_LABISValidODSfSELDR01Extr14_HZ_CUST_ACCOUNTS.ds,Jx_LABISValidODSfSELDR01Extr14_HZ_CUST_ACCOUNTS
Ds_LABISValidODSfSELDR01Extr15_SELDRT_OKC_ATTRIBUTES.ds,Jx_LABISValidODSfSELDR02Trans11CONTRAT
Ds_LABISValidODSfSELDR01Extr15_SELDRT_OKC_ATTRIBUTES.ds,Jx_LABISValidODSfSELDR01Extr15_SELDRT_OKC_ATTRIBUTES
Ds_LABISValidODSfSELDR01Extr16_JTF_RS_GROUPS_TL.ds,Jx_LABISValidODSfSELDR02Trans10COMPTECLIENT
Ds_LABISValidODSfSELDR01Extr16_JTF_RS_GROUPS_TL.ds,Jx_LABISValidODSfSELDR01Extr16_JTF_RS_GROUPS_TL
Ds_LABISValidODSfSELDR01Extr17_OKC_K_ARTICLES_B.ds,Jx_LABISValidODSfSELDR02Trans11CONTRAT
Ds_LABISValidODSfSELDR01Extr17_OKC_K_ARTICLES_B.ds,Jx_LABISValidODSfSELDR01Extr17_OKC_K_ARTICLES_B
Ds_LABISValidODSfSELDR01Extr18_OKC_SYNDICAT.ds,Jx_LABISValidODSfSELDR02Trans11CONTRAT
Ds_LABISValidODSfSELDR01Extr18_OKC_SYNDICAT.ds,Jx_LABISValidODSfSELDR01Extr18_OKC_SYNDICAT
Ds_LABISValidODSfSELDR01Extr19_OKC_HISTORY.ds,Jx_LABISValidODSfSELDR02Trans11CONTRAT
Ds_LABISValidODSfSELDR01Extr19_OKC_HISTORY.ds,Jx_LABISValidODSfSELDR01Extr19_OKC_HISTORY
Ds_LABISValidODSfSELDR01Extr20_OKC_CONTRAT.ds,Jx_LABISValidODSfSELDR02Trans11CONTRAT
Ds_LABISValidODSfSELDR01Extr20_OKC_CONTRAT.ds,Jx_LABISValidODSfSELDR01Extr20_OKC_CONTRAT
Ds_LABISValidODSfSELDR01Extr21_CONTRAT_TARIF_ACTIVE.ds,Jx_LABISValidODSfSELDR02Trans11CONTRAT
Ds_LABISValidODSfSELDR01Extr21_CONTRAT_TARIF_ACTIVE.ds,Jx_LABISValidODSfSELDR01Extr21_CONTRAT_TARIF_ACTIVE
Ds_LABISValidODSfSELDR01Extr22_COPST_SOCIETE.ds,Jx_LABISValidODSfSELDR02Trans00SOCIETE
Ds_LABISValidODSfSELDR01Extr22_COPST_SOCIETE.ds,Jx_LABISValidODSfSELDR01Extr22_COPST_SOCIETE
Ds_LABISValidODSfSELDR01Extr23_PERIODE_CPTA.ds,Jx_LABISValidODSfSELDR02Trans14LETTRAGE
Ds_LABISValidODSfSELDR01Extr23_PERIODE_CPTA.ds,Jx_LABISValidODSfSELDR01Extr23_PERIODE_CPTA
Ds_LABISValidODSfSELDR01Extr24_HZ_LOCATIONS.ds,Jx_LABISValidODSfSELDR02Trans11CONTRAT
Ds_LABISValidODSfSELDR01Extr24_HZ_LOCATIONS.ds,Jx_LABISValidODSfSELDR01Extr24_HZ_LOCATIONS
Ds_LABISValidODSfSELDR01Extr25_UOCRE.ds,Jx_LABISValidODSfSELDR02Trans13LIGNEFACTURE
Ds_LABISValidODSfSELDR01Extr25_UOCRE.ds,Jx_LABISValidODSfSELDR01Extr25_TDF_FACTURE_UOCRE
Ds_LABISValidODSfSELDR01Extr26_HZ_ORGANIZATION_PROFILES.ds,Jx_LABISValidODSfSELDR02Trans05TIERS
Ds_LABISValidODSfSELDR01Extr26_HZ_ORGANIZATION_PROFILES.ds,Jx_LABISValidODSfSELDR01Extr26_HZ_ORGANIZATION_PROFILES
Ds_LABISValidODSfSELDR01Extr27_HZ_PARTY_SITES.ds,Jx_LABISValidODSfSELDR02Trans05TIERS
Ds_LABISValidODSfSELDR01Extr27_HZ_PARTY_SITES.ds,Jx_LABISValidODSfSELDR01Extr27_HZ_PARTY_SITES
Ds_LABISValidODSfSELDR01Extr28_HZ_LOCATIONS_ALL.ds,Jx_LABISValidODSfSELDR02Trans05TIERS
Ds_LABISValidODSfSELDR01Extr28_HZ_LOCATIONS_ALL.ds,Jx_LABISValidODSfSELDR01Extr28_HZ_LOCATIONS_ALL
Ds_LABISValidODSfSELDR01Extr29_HZ_PARTY_SITES_USES.ds,Jx_LABISValidODSfSELDR02Trans05TIERS
Ds_LABISValidODSfSELDR01Extr29_HZ_PARTY_SITES_USES.ds,Jx_LABISValidODSfSELDR01Extr29_HZ_PARTY_SITES_USES
Ds_LABISValidODSfSELDR01Extr30_HZ_CODE_ASSIGNMENTS.ds,Jx_LABISValidODSfSELDR02Trans16CLASSIFICATION
Ds_LABISValidODSfSELDR01Extr30_HZ_CODE_ASSIGNMENTS.ds,Jx_LABISValidODSfSELDR01Extr30_HZ_CODE_ASSIGNMENTS
Ds_LABISValidODSfSELDR01Extr31_HZ_CLASS_CATEGORIES.ds,Jx_LABISValidODSfSELDR02Trans16CLASSIFICATION
Ds_LABISValidODSfSELDR01Extr31_HZ_CLASS_CATEGORIES.ds,Jx_LABISValidODSfSELDR01Extr31_HZ_CLASS_CATEGORIES
Ds_LABISValidODSfSELDR01Extr32_AR_LOOKUP_TYPES.ds,Jx_LABISValidODSfSELDR02Trans16CLASSIFICATION
Ds_LABISValidODSfSELDR01Extr32_AR_LOOKUP_TYPES.ds,Jx_LABISValidODSfSELDR01Extr32_AR_LOOKUP_TYPES
Ds_LABISValidODSfSELDR01Extr33_AR_LOOKUPS.ds,Jx_LABISValidODSfSELDR02Trans16CLASSIFICATION
Ds_LABISValidODSfSELDR01Extr33_AR_LOOKUPS.ds,Jx_LABISValidODSfSELDR01Extr33_AR_LOOKUPS
Ds_LABISValidODSfSELDR01Extr34_GEREFT_INSPTT.ds,Jx_LABISValidODSfSELDR02Trans05TIERS
Ds_LABISValidODSfSELDR01Extr34_GEREFT_INSPTT.ds,Jx_LABISValidODSfSELDR02Trans11CONTRAT
Ds_LABISValidODSfSELDR01Extr34_GEREFT_INSPTT.ds,Jx_LABISValidODSfSELDR01Extr34_GEREFT_INSPTT
Ds_LABISValidODSfSELDR01Extr35_SELTJ_INFO_UO_V.ds,Jx_LABISValidODSfSELDR02Trans00ORGANISATION
Ds_LABISValidODSfSELDR01Extr35_SELTJ_INFO_UO_V.ds,Jx_LABISValidODSfSELDR02Trans05TIERS
Ds_LABISValidODSfSELDR01Extr35_SELTJ_INFO_UO_V.ds,Jx_LABISValidODSfSELDR02Trans11CONTRAT
Ds_LABISValidODSfSELDR01Extr35_SELTJ_INFO_UO_V.ds,Jx_LABISValidODSfSELDR01Extr35_SELTJ_INFO_UO_V
Ds_LABISValidODSfSELDR01Extr36_SAREFT_UO.ds,Jx_LABISValidODSfSELDR02Trans00ORGANISATION
Ds_LABISValidODSfSELDR01Extr36_SAREFT_UO.ds,Jx_LABISValidODSfSELDR01Extr36_SAREFTR_UO
Ds_LABISValidODSfSELDR01Extr37_AR_COLLECTORS.ds,Jx_LABISValidODSfSELDR02Trans10COMPTECLIENT
Ds_LABISValidODSfSELDR01Extr37_AR_COLLECTORS.ds,Jx_LABISValidODSfSELDR01Extr37_AR_COLLECTORS
Ds_LABISValidODSfSELDR01Extr38_HZ_CUSTOMER_PROFILES.ds,Jx_LABISValidODSfSELDR02Trans10COMPTECLIENT
Ds_LABISValidODSfSELDR01Extr38_HZ_CUSTOMER_PROFILES.ds,Jx_LABISValidODSfSELDR01Extr38_HZ_CUSTOMER_PROFILES
Ds_LABISValidODSfSELDR01Extr39_HIER_UO.ds,Jx_LABISValidODSfSELDR02Trans00ORGANISATION
Ds_LABISValidODSfSELDR01Extr39_HIER_UO.ds,Jx_LABISValidODSfSELDR01Extr39_HIER_UO
Ds_LABISValidODSfSELDR01Extr40_HISTO_CONTENTIEUX.ds,Jx_LABISValidODSfSELDR01Extr40_HISTO_CONTENTIEUX
Ds_LABISValidODSfSELDR01Extr40a_MOTIF_CTXLI_CTR.ds,Jx_LABISValidODSfSELDR02Trans11CONTRAT
Ds_LABISValidODSfSELDR01Extr40a_MOTIF_CTXLI_CTR.ds,Jx_LABISValidODSfSELDR01Extr40a_MOTIF_CTXLI_CTR
Ds_LABISValidODSfSELDR01Extr40b_MOTIF_CTXLI_CLI.ds,Jx_LABISValidODSfSELDR02Trans10COMPTECLIENT
Ds_LABISValidODSfSELDR01Extr40b_MOTIF_CTXLI_CLI.ds,Jx_LABISValidODSfSELDR01Extr40b_MOTIF_CTXLI_CLI
Ds_LABISValidODSfSELDR01Extr41_OKC_CINEMA.ds,Jx_LABISValidODSfSELDR02Trans11CONTRAT
Ds_LABISValidODSfSELDR01Extr41_OKC_CINEMA.ds,Jx_LABISValidODSfSELDR01Extr41_OKC_CINEMA
Ds_LABISValidODSfSELDR01Extr42_AR_CASH_RECEIPTS_ALL.ds,Jx_LABISValidODSfSELDR01Extr42_AR_CASH_RECEIPTS_ALL
Ds_LABISValidODSfSELDR01Extr43_SITUATION_CPTE_MANON.ds,Jx_LABISValidODSfSELDR02Trans17PAIEMENT
Ds_LABISValidODSfSELDR01Extr43_SITUATION_CPTE_MANON.ds,Jx_LABISValidODSfSELDR01Extr43_SITUATION_CPTE_MANON
Ds_LABISValidODSfSELDR01Extr44_SAREFTR_ANA.ds,Jx_LABISValidODSfSELDR02Trans19ANALYTIQUE
Ds_LABISValidODSfSELDR01Extr44_SAREFTR_ANA.ds,Jx_LABISValidODSfSELDR01Extr44_SAREFTR_ANA
Ds_LABISValidODSfSELDR02Trans00CONTENTIEUX.ds,Jx_LABISValidODSfSELDR02Trans00CONTENTIEUX
Ds_LABISValidODSfSELDR02Trans00ORGANISATION.ds,Jx_LABISValidODSfSELDR02Trans00ORGANISATION
Ds_LABISValidODSfSELDR02Trans00SOCIETE.ds,Jx_LABISValidODSfSELDR02Trans00SOCIETE
Ds_LABISValidODSfSELDR02Trans01BANDEMAGNETIQUE.ds,Jx_LABISValidODSfSELDR02Trans01BANDEMAGNETIQUE
Ds_LABISValidODSfSELDR02Trans02APPAREILDIFFUSION.ds,Jx_LABISValidODSfSELDR02Trans02MOYENDIFFUSION
Ds_LABISValidODSfSELDR02Trans03STRUCTURECONTRAT.ds,Jx_LABISValidODSfSELDR02Trans03STRUCTURECONTRAT
Ds_LABISValidODSfSELDR02Trans04CONTRATROLE.ds,Jx_LABISValidODSfSELDR02Trans04CONTRATROLE
Ds_LABISValidODSfSELDR02Trans05TIERS.ds,Jx_LABISValidODSfSELDR02Trans05TIERS
Ds_LABISValidODSfSELDR02Trans06CODECATEGORIE.ds,Jx_LABISValidODSfSELDR02Trans06CODECATEGORIE
Ds_LABISValidODSfSELDR02Trans07CODENATURE.ds,Jx_LABISValidODSfSELDR02Trans07CODENATURE
Ds_LABISValidODSfSELDR02Trans08TYPECONTRAT.ds,Jx_LABISValidODSfSELDR02Trans08TYPECONTRAT
Ds_LABISValidODSfSELDR02Trans09LIGNECONTRAT.ds,Jx_LABISValidODSfSELDR02Trans09LIGNECONTRAT
Ds_LABISValidODSfSELDR02Trans09SOUSLIGNECONTRAT.ds,Jx_LABISValidODSfSELDR02Trans09LIGNECONTRAT
Ds_LABISValidODSfSELDR02Trans10COMPTECLIENT.ds,Jx_LABISValidODSfSELDR02Trans10COMPTECLIENT
Ds_LABISValidODSfSELDR02Trans11CONTRAT.ds,Jx_LABISValidODSfSELDR02Trans11CONTRAT
Ds_LABISValidODSfSELDR02Trans12FACTURE.ds,Jx_LABISValidODSfSELDR02Trans12FACTURE
Ds_LABISValidODSfSELDR02Trans13LIGNEFACTURE.ds,Jx_LABISValidODSfSELDR02Trans13LIGNEFACTURE
Ds_LABISValidODSfSELDR02Trans14LETTRAGE.ds,Jx_LABISValidODSfSELDR02Trans14LETTRAGE
Ds_LABISValidODSfSELDR02Trans15PROGRAMME.ds,Jx_LABISValidODSfSELDR02Trans15PROGRAMME
Ds_LABISValidODSfSELDR02Trans16CLASSIFICATION.ds,Jx_LABISValidODSfSELDR02Trans16CLASSIFICATION
Ds_LABISValidODSfSELDR02Trans17PAIEMENT.ds,Jx_LABISValidODSfSELDR02Trans17PAIEMENT
Ds_LABISValidODSfSELDR02Trans18CONTRATROLE.ds,Jx_LABISValidODSfSELDR02Trans18CONTRATROLE
Ds_LABISValidODSfSELDR02Trans19ANALYTIQUE.ds,Jx_LABISValidODSfSELDR02Trans19ANALYTIQUE
Ds_LABISValidODSfSELOL01Extr01CONTRAT_HEADER.ds,Jx_LABISValidODSfSELOL01Extr01CONTRAT_HEADER
Ds_LABISValidODSfSELOL01Extr01CONTRAT_HEADER.ds,Jx_LABISValidODSfSELOL02Trans01CONTRAT
Ds_LABISValidODSfSELOL01Extr02CONTRAT_TL.ds,Jx_LABISValidODSfSELOL01Extr02CONTRAT_TL
Ds_LABISValidODSfSELOL01Extr02CONTRAT_TL.ds,Jx_LABISValidODSfSELOL02Trans01CONTRAT
Ds_LABISValidODSfSELOL01Extr03REFCTRPAPIER.ds,Jx_LABISValidODSfSELOL02Trans02CTRPAPIER
Ds_LABISValidODSfSELOL01Extr03REFCTRPAPIER.ds,Jx_LABISValidODSfSELOL01Extr03REFCTRPAPIER
Ds_LABISValidODSfSELOL01Extr04LIENCTRPAPIER.ds,Jx_LABISValidODSfSELOL01Extr04LIENCTRPAPIER
Ds_LABISValidODSfSELOL01Extr04LIENCTRPAPIER.ds,Jx_LABISValidODSfSELOL02Trans32LIENCTRPAP
Ds_LABISValidODSfSELOL01Extr05CTRMANDAT.ds,Jx_LABISValidODSfSELOL01Extr05CTRMANDAT
Ds_LABISValidODSfSELOL01Extr05CTRMANDAT.ds,Jx_LABISValidODSfSELOL02Trans03CTRMANDAT
Ds_LABISValidODSfSELOL01Extr06MANDATREP.ds,Jx_LABISValidODSfSELOL02Trans04MANDATREP
Ds_LABISValidODSfSELOL01Extr06MANDATREP.ds,Jx_LABISValidODSfSELOL01Extr06MANDATREP
Ds_LABISValidODSfSELOL01Extr07CTREXEC_HEADER.ds,Jx_LABISValidODSfSELOL01Extr07CTREXEC_HEADER
Ds_LABISValidODSfSELOL01Extr07CTREXEC_HEADER.ds,Jx_LABISValidODSfSELOL02Trans05CONTRATEXEC
Ds_LABISValidODSfSELOL01Extr08CTREXEC_TL.ds,Jx_LABISValidODSfSELOL01Extr08CTREXEC_TL
Ds_LABISValidODSfSELOL01Extr08CTREXEC_TL.ds,Jx_LABISValidODSfSELOL02Trans05CONTRATEXEC
Ds_LABISValidODSfSELOL01Extr09CTREXEC_ROLES.ds,Jx_LABISValidODSfSELOL01Extr09CTREXEC_ROLES
Ds_LABISValidODSfSELOL01Extr09CTREXEC_ROLES.ds,Jx_LABISValidODSfSELOL02Trans05CONTRATEXEC
Ds_LABISValidODSfSELOL01Extr10LIGCTREXEC.ds,Jx_LABISValidODSfSELOL02Trans06LIGCTREXEC
Ds_LABISValidODSfSELOL01Extr10LIGCTREXEC.ds,Jx_LABISValidODSfSELOL01Extr10LIGCTREXEC
Ds_LABISValidODSfSELOL01Extr11SSLIGCTREXEC.ds,Jx_LABISValidODSfSELOL02Trans07SSLIGCTREXEC
Ds_LABISValidODSfSELOL01Extr11SSLIGCTREXEC.ds,Jx_LABISValidODSfSELOL01Extr11SSLIGCTREXEC
Ds_LABISValidODSfSELOL01Extr12CTROFFRE.ds,Jx_LABISValidODSfSELOL02Trans08CTROFFRE
Ds_LABISValidODSfSELOL01Extr12CTROFFRE.ds,Jx_LABISValidODSfSELOL01Extr12CTROFFRE
Ds_LABISValidODSfSELOL01Extr13DECLIN.ds,Jx_LABISValidODSfSELOL01Extr13DECLIN
Ds_LABISValidODSfSELOL01Extr13DECLIN.ds,Jx_LABISValidODSfSELOL02Trans09DECLIN
Ds_LABISValidODSfSELOL01Extr14CPTCLI.ds,Jx_LABISValidODSfSELOL01Extr14CPTCLI
Ds_LABISValidODSfSELOL01Extr14CPTCLI.ds,Jx_LABISValidODSfSELOL02Trans10CPTCLI
Ds_LABISValidODSfSELOL01Extr15FNDLOOKUP.ds,Jx_LABISValidODSfSELOL02Trans22TYPUTIL
Ds_LABISValidODSfSELOL01Extr15FNDLOOKUP.ds,Jx_LABISValidODSfSELOL02Trans11TYPCTR
Ds_LABISValidODSfSELOL01Extr15FNDLOOKUP.ds,Jx_LABISValidODSfSELOL02Trans13OFFRESREF
Ds_LABISValidODSfSELOL01Extr15FNDLOOKUP.ds,Jx_LABISValidODSfSELOL02Trans21NIVSTAT
Ds_LABISValidODSfSELOL01Extr15FNDLOOKUP.ds,Jx_LABISValidODSfSELOL02Trans12PERIODDECL
Ds_LABISValidODSfSELOL01Extr15FNDLOOKUP.ds,Jx_LABISValidODSfSELOL02Trans20MODELECOM
Ds_LABISValidODSfSELOL01Extr15FNDLOOKUP.ds,Jx_LABISValidODSfSELOL01Extr15FNDLOOKUP
Ds_LABISValidODSfSELOL01Extr15FNDLOOKUP.ds,Jx_LABISValidODSfSELOL02Trans19TERRITOIRE
Ds_LABISValidODSfSELOL01Extr15FNDLOOKUP.ds,Jx_LABISValidODSfSELOL02Trans26STATUTANNOT
Ds_LABISValidODSfSELOL01Extr15FNDLOOKUP.ds,Jx_LABISValidODSfSELOL02Trans18CATEGCTR
Ds_LABISValidODSfSELOL01Extr16TIERS.ds,Jx_LABISValidODSfSELOL01Extr16TIERS
Ds_LABISValidODSfSELOL01Extr16TIERS.ds,Jx_LABISValidODSfSELOL02Trans14TIERS
Ds_LABISValidODSfSELOL01Extr17NOUVOFFRES.ds,Jx_LABISValidODSfSELOL01Extr17NOUVOFFRES
Ds_LABISValidODSfSELOL01Extr17NOUVOFFRES.ds,Jx_LABISValidODSfSELOL02Trans15NOUVOFFRES
Ds_LABISValidODSfSELOL01Extr18JCTRCPTCLI.ds,Jx_LABISValidODSfSELOL01Extr18JCTRCPTCLI
Ds_LABISValidODSfSELOL01Extr18JCTRCPTCLI.ds,Jx_LABISValidODSfSELOL02Trans16JCTRCPTCLI
Ds_LABISValidODSfSELOL01Extr19ROLECLI.ds,Jx_LABISValidODSfSELOL01Extr19ROLECLI
Ds_LABISValidODSfSELOL01Extr19ROLECLI.ds,Jx_LABISValidODSfSELOL02Trans01CONTRAT
Ds_LABISValidODSfSELOL01Extr20CONTRAT_ARTICLES.ds,Jx_LABISValidODSfSELOL01Extr20CONTRAT_ARTICLES
Ds_LABISValidODSfSELOL01Extr20CONTRAT_ARTICLES.ds,Jx_LABISValidODSfSELOL02Trans05CONTRATEXEC
Ds_LABISValidODSfSELOL01Extr21FACTURES.ds,Jx_LABISValidODSfSELOL01Extr21FACTURES
Ds_LABISValidODSfSELOL01Extr21FACTURES.ds,Jx_LABISValidODSfSELOL02Trans23FACTURES
Ds_LABISValidODSfSELOL01Extr22LIGFACT.ds,Jx_LABISValidODSfSELOL02Trans24LIGFACT
Ds_LABISValidODSfSELOL01Extr22LIGFACT.ds,Jx_LABISValidODSfSELOL01Extr22LIGFACT
Ds_LABISValidODSfSELOL01Extr23MOUVEMENTS.ds,Jx_LABISValidODSfSELOL02Trans24LIGFACT
Ds_LABISValidODSfSELOL01Extr23MOUVEMENTS.ds,Jx_LABISValidODSfSELOL01Extr23MOUVEMENTS
Ds_LABISValidODSfSELOL01Extr24ECHFACT.ds,Jx_LABISValidODSfSELOL01Extr24ECHFACT
Ds_LABISValidODSfSELOL01Extr24ECHFACT.ds,Jx_LABISValidODSfSELOL02Trans24LIGFACT
Ds_LABISValidODSfSELOL01Extr25TYPMVT.ds,Jx_LABISValidODSfSELOL02Trans25TYPMVT
Ds_LABISValidODSfSELOL01Extr25TYPMVT.ds,Jx_LABISValidODSfSELOL01Extr25TYPMVT
Ds_LABISValidODSfSELOL01Extr26PAYSCHEDULES.ds,Jx_LABISValidODSfSELOL02Trans27LETTRAGES
Ds_LABISValidODSfSELOL01Extr26PAYSCHEDULES.ds,Jx_LABISValidODSfSELOL01Extr26PAYSCHEDULES
Ds_LABISValidODSfSELOL01Extr27LETTRAGES.ds,Jx_LABISValidODSfSELOL02Trans27LETTRAGES
Ds_LABISValidODSfSELOL01Extr27LETTRAGES.ds,Jx_LABISValidODSfSELOL01Extr27LETTRAGES
Ds_LABISValidODSfSELOL01Extr28AJUSTEMENTS.ds,Jx_LABISValidODSfSELOL02Trans27LETTRAGES
Ds_LABISValidODSfSELOL01Extr28AJUSTEMENTS.ds,Jx_LABISValidODSfSELOL01Extr28AJUSTEMENTS
Ds_LABISValidODSfSELOL01Extr29RECTRXALL.ds,Jx_LABISValidODSfSELOL01Extr29RECTRXALL
Ds_LABISValidODSfSELOL01Extr30TARIF.ds,Jx_LABISValidODSfSELOL02Trans28TARIF
Ds_LABISValidODSfSELOL01Extr30TARIF.ds,Jx_LABISValidODSfSELOL01Extr30TARIF
Ds_LABISValidODSfSELOL01Extr31PAIEMENT.ds,Jx_LABISValidODSfSELOL01Extr31PAIEMENT
Ds_LABISValidODSfSELOL01Extr31PAIEMENT.ds,Jx_LABISValidODSfSELOL02Trans29PAIEMENT
Ds_LABISValidODSfSELOL01Extr32TYPEPAIEMT.ds,Jx_LABISValidODSfSELOL01Extr32TYPEPAIEMT
Ds_LABISValidODSfSELOL01Extr32TYPEPAIEMT.ds,Jx_LABISValidODSfSELOL02Trans30TYPEPAIEMT
Ds_LABISValidODSfSELOL01Extr33PROVISION.ds,Jx_LABISValidODSfSELOL01Extr33PROVISION
Ds_LABISValidODSfSELOL01Extr34CONSOPROV.ds,Jx_LABISValidODSfSELOL01Extr34CONSOPROV
Ds_LABISValidODSfSELOL01Extr34CONSOPROV.ds,Jx_LABISValidODSfSELOL02Trans31CONSOPROV
Ds_LABISValidODSfSELOL02Trans01CONTRAT.ds,Jx_LABISValidODSfSELOL02Trans01CONTRAT
Ds_LABISValidODSfSELOL02Trans02CTRPAPIER.ds,Jx_LABISValidODSfSELOL02Trans02CTRPAPIER
Ds_LABISValidODSfSELOL02Trans03CTRMANDAT.ds,Jx_LABISValidODSfSELOL02Trans03CTRMANDAT
Ds_LABISValidODSfSELOL02Trans04MANDATREP.ds,Jx_LABISValidODSfSELOL02Trans04MANDATREP
Ds_LABISValidODSfSELOL02Trans05CONTRATEXEC.ds,Jx_LABISValidODSfSELOL02Trans05CONTRATEXEC
Ds_LABISValidODSfSELOL02Trans06LIGCTREXEC.ds,Jx_LABISValidODSfSELOL02Trans06LIGCTREXEC
Ds_LABISValidODSfSELOL02Trans07SSLIGCTREXEC.ds,Jx_LABISValidODSfSELOL02Trans07SSLIGCTREXEC
Ds_LABISValidODSfSELOL02Trans08CTROFFRE.ds,Jx_LABISValidODSfSELOL02Trans08CTROFFRE
Ds_LABISValidODSfSELOL02Trans09DECLIN.ds,Jx_LABISValidODSfSELOL02Trans09DECLIN
Ds_LABISValidODSfSELOL02Trans10CPTCLI.ds,Jx_LABISValidODSfSELOL02Trans10CPTCLI
Ds_LABISValidODSfSELOL02Trans11TYPCTR.ds,Jx_LABISValidODSfSELOL02Trans11TYPCTR
Ds_LABISValidODSfSELOL02Trans12PERIODDECL.ds,Jx_LABISValidODSfSELOL02Trans12PERIODDECL
Ds_LABISValidODSfSELOL02Trans13OFFRESREF.ds,Jx_LABISValidODSfSELOL02Trans13OFFRESREF
Ds_LABISValidODSfSELOL02Trans14TIERS.ds,Jx_LABISValidODSfSELOL02Trans14TIERS
Ds_LABISValidODSfSELOL02Trans15NOUVOFFRES.ds,Jx_LABISValidODSfSELOL02Trans15NOUVOFFRES
Ds_LABISValidODSfSELOL02Trans16JCTRCPTCLI.ds,Jx_LABISValidODSfSELOL02Trans16JCTRCPTCLI
Ds_LABISValidODSfSELOL02Trans18CATEGCTR.ds,Jx_LABISValidODSfSELOL02Trans18CATEGCTR
Ds_LABISValidODSfSELOL02Trans19TERRITOIRE.ds,Jx_LABISValidODSfSELOL02Trans19TERRITOIRE
Ds_LABISValidODSfSELOL02Trans20MODELECOM.ds,Jx_LABISValidODSfSELOL02Trans20MODELECOM
Ds_LABISValidODSfSELOL02Trans21NIVSTAT.ds,Jx_LABISValidODSfSELOL02Trans21NIVSTAT
Ds_LABISValidODSfSELOL02Trans22TYPUTIL.ds,Jx_LABISValidODSfSELOL02Trans22TYPUTIL
Ds_LABISValidODSfSELOL02Trans23FACTURES.ds,Jx_LABISValidODSfSELOL02Trans23FACTURES
Ds_LABISValidODSfSELOL02Trans24LIGFACT.ds,Jx_LABISValidODSfSELOL02Trans24LIGFACT
Ds_LABISValidODSfSELOL02Trans24LIGFACT_RJT.ds,Jx_LABISValidODSfSELOL02Trans24LIGFACT
Ds_LABISValidODSfSELOL02Trans25TYPMVT.ds,Jx_LABISValidODSfSELOL02Trans25TYPMVT
Ds_LABISValidODSfSELOL02Trans26STATUTANNOT.ds,Jx_LABISValidODSfSELOL02Trans26STATUTANNOT
Ds_LABISValidODSfSELOL02Trans27LETTRAGES.ds,Jx_LABISValidODSfSELOL02Trans27LETTRAGES
Ds_LABISValidODSfSELOL02Trans28TARIF.ds,Jx_LABISValidODSfSELOL02Trans28TARIF
Ds_LABISValidODSfSELOL02Trans29PAIEMENT.ds,Jx_LABISValidODSfSELOL02Trans29PAIEMENT
Ds_LABISValidODSfSELOL02Trans30TYPEPAIEMT.ds,Jx_LABISValidODSfSELOL02Trans30TYPEPAIEMT
Ds_LABISValidODSfSELOL02Trans31CONSOPROV.ds,Jx_LABISValidODSfSELOL02Trans31CONSOPROV
Ds_LABISValidODSfSELOL02Trans32LIENCTRPAP.ds,Jx_LABISValidODSfSELOL02Trans32LIENCTRPAP
Ds_LABISValidODSfSMA01Trans05AGREGCLIENT.ds,Jx_LABISValidODSfSMA02Trans05AGREGCLIENT
Ds_LABISValidODSfSMA02Trans02ORGANISATION.ds,Jx_LABISValidODSfSMA02Trans02ORGANISATION
Ds_LABISValidODSfSMA02Trans03TYPEMVT.ds,Jx_LABISValidODSfSMA02Trans03TYPEMVT
Ds_LABISValidODSfSMA02Trans04TYPEPAIEMT.ds,Jx_LABISValidODSfSMA02Trans04TYPEPAIEMT
Ds_LABISValidODSfSMA02Trans06TYPECPTE.ds,Jx_LABISValidODSfSMA02Trans06TYPECPTE
Ds_LABISValidODSfSMA02Trans07Tiers.ds,Jx_LABISValidODSfSMA02Trans07TIERS
Ds_LABISValidODSfSMA02Trans08CPTECLIENT.ds,Jx_LABISValidODSfSMA02Trans08CPTECLIENT
Ds_LABISValidODSfSMA02Trans08CPTECLIENT.ds,Jx_LABISValidODSfSMA02Trans12PAIEMENT
Ds_LABISValidODSfSMA02Trans08CPTECLIENT.ds,Jx_LABISValidODSfSMA02Trans10FACTURE
Ds_LABISValidODSfSMA02Trans08CPTECLIENT.ds,Jx_LABISValidODSfSMA02Trans14DedoublCPTECLI
Ds_LABISValidODSfSMA02Trans09CONTRAT.ds,Jx_LABISValidODSfSMA02Trans09CONTRAT
Ds_LABISValidODSfSMA02Trans10FACTURE.ds,Jx_LABISValidODSfSMA02Trans10FACTURE
Ds_LABISValidODSfSMA02Trans11LIGNEFACTURE.ds,Jx_LABISValidODSfSMA02Trans11LIGNEFACTURE
Ds_LABISValidODSfSMA02Trans12PAIEMENT.ds,Jx_LABISValidODSfSMA02Trans12PAIEMENT
Ds_LABISValidODSfSMA02Trans13LETTRAGE.ds,Jx_LABISValidODSfSMA02Trans13LETTRAGE
Ds_LABISValidODSfSMA02Trans14DedoublCPTECLI.ds,Jx_LABISValidODSfSMA02Trans14DedoublCPTECLI
LABISValidODSfPENEFCA10.ds,LABISValidODSfPENEFCA10
LABISValidODSfPENEFCAMCP.ds,LABISValidODSfPENEFCAMCP10DEDR
LABISValidODSfPENEFCAMCP.ds,LABISValidODSfPENEFCAMCP10PHONO
LABISValidODSfPENEFNS10.ds,LABISValidODSfPENEFNS10
ExtOCTAVTR_TYPOEUV.ds,LABISExtrOCTAV01OCTAVTR_TYPOEUV
ExtOCTAVTR_TYPOEUV.ds,LABISChrgOCTAV01OCTAVTR_TYPOEUV
ExtrOCTAVTJ_AYANTDRT.ds,LABISExtrOCTAV01OCTAVTJ_AYANTDRT
ExtrOCTAVTJ_AYANTDRT.ds,LABISChrgOCTAV01OCTAVTJ_AYANTDRT
ExtrOCTAVTJ_DEPOTOEUV.ds,LABISExtrOCTAV01OCTAVTJ_DEPOTOEUV
ExtrOCTAVTJ_DEPOTOEUV.ds,LABISChrgOCTAV01OCTAVTJ_DEPOTOEUV
ExtrOCTAVTJ_ROLADDECLT.ds,LABISChrgOCTAV01OCTAVTJ_ROLADDECLT
ExtrOCTAVTJ_ROLADDECLT.ds,LABISExtrOCTAV01OCTAVTJ_ROLADDECLT
ExtrOCTAVTMOTIFNONGEST.ds,LABISExtrOCTAV01OCTAVTR_MOTIFNONGEST
ExtrOCTAVTMOTIFNONGEST.ds,LABISChrgOCTAV01OCTAVTR_MOTIFNONGEST
ExtrOCTAVTR_CATEGGRE.ds,LABISExtrOCTAV01OCTAVTR_CATEGGRE
ExtrOCTAVTR_CATEGGRE.ds,LABISChrgOCTAV01OCTAVTR_CATEGGRE
ExtrOCTAVTR_ETATDECL.ds,LABISExtrOCTAV01OCTAVTR_ETATDECL
ExtrOCTAVTR_ETATDECL.ds,LABISChrgOCTAV01OCTAVTR_ETATDECL
ExtrOCTAVTR_ETATDOC.ds,LABISExtrOCTAV01OCTAVTR_ETATDOC
ExtrOCTAVTR_ETATDOC.ds,LABISChrgOCTAV01OCTAVTR_ETATDOC
ExtrOCTAVTR_GREMUS.ds,LABISExtrOCTAV01OCTAVTR_GREMUS
ExtrOCTAVTR_GREMUS.ds,LABISChrgOCTAV01OCTAVTR_GREMUS
ExtrOCTAVTR_STATUTOEUV.ds,LABISChrgOCTAV01OCTAVTR_STATUTOEUV
ExtrOCTAVTR_STATUTOEUV.ds,LABISExtrOCTAV01OCTAVTR_STATUTOEUV
ExtrOCTAVTR_TYPDEPOT.ds,LABISExtrOCTAV01OCTAVTR_TYPDEPOT
ExtrOCTAVTR_TYPDEPOT.ds,LABISChrgOCTAV01OCTAVTR_TYPDEPOT
ExtrOCTAVTR_TYPDOC.ds,LABISExtrOCTAV01OCTAVTR_TYPDOC
ExtrOCTAVTR_TYPDOC.ds,LABISChrgOCTAV01OCTAVTR_TYPDOC
ExtrOCTAVTSTATUTOEUVDECL.ds,LABISExtrOCTAV01OCTAVTR_STATUTOEUVDECL
ExtrOCTAVTSTATUTOEUVDECL.ds,LABISChrgOCTAV01OCTAVTR_STATUTOEUVDECL
ExtrOCTAVTTYPPUBLCTN.ds,LABISExtrOCTAV01OCTAVTR_TYPPUBLCTN
ExtrOCTAVTTYPPUBLCTN.ds,LABISChrgOCTAV01OCTAVTR_TYPPUBLCTN
ExtrOCTAVT_ADDECLT.ds,LABISExtrOCTAV01OCTAVT_ADDECLT
ExtrOCTAVT_ADDECLT.ds,LABISChrgOCTAV01OCTAVT_ADDECLT
ExtrOCTAVT_GELDAOEUV.ds,LABISExtrOCTAV01OCTAVT_GELDAOEUV
ExtrOCTAVT_GELDAOEUV.ds,LABISChrgOCTAV01OCTAVT_GELDAOEUV
ExtrOCTAVT_ISWC.ds,LABISExtrOCTAV01OCTAVT_ISWC
ExtrOCTAVT_ISWC.ds,LABISChrgOCTAV01OCTAVT_ISWC
ExtrOCTAVT_JEUCLE.ds,LABISExtrOCTAV01OCTAVT_JEUCLE
ExtrOCTAVT_JEUCLE.ds,LABISChrgOCTAV01OCTAVT_JEUCLE
ExtrOCTAVT_MARQUE.ds,LABISExtrOCTAV01OCTAVT_MARQUE
ExtrOCTAVT_MARQUE.ds,LABISChrgOCTAV01OCTAVT_MARQUE
ExtrOCTAVT_NOMPARTPT.ds,LABISExtrOCTAV01OCTAVT_NOMPARTPT
ExtrOCTAVT_NOMPARTPT.ds,LABISChrgOCTAV01OCTAVT_NOMPARTPT
ExtrOCTAVT_OEUVAV.ds,LABISChrgOCTAV01OCTAVT_OEUVAV
ExtrOCTAVT_OEUVAV.ds,LABISExtrOCTAV01OCTAVT_OEUVAV
ExtrOCTAVT_OEUVINDIV.ds,LABISExtrOCTAV02OCTAVT_OEUVINDIV
ExtrOCTAVT_OEUVINDIV.ds,LABISChrgOCTAV02OCTAVT_OEUVINDIV
ExtrOCTAVT_PARTPT.ds,LABISExtrOCTAV03OCTAVT_PARTPT
ExtrOCTAVT_PARTPT.ds,LABISChrgOCTAV03OCTAVT_PARTPT
ExtrOCTAVT_PRDTPUB.ds,LABISExtrOCTAV01OCTAVT_PRDTPUB
ExtrOCTAVT_PRDTPUB.ds,LABISChrgOCTAV01OCTAVT_PRDTPUB
ExtrOCTAVT_PROGTYP.ds,LABISExtrOCTAV01OCTAVT_PROGTYP
ExtrOCTAVT_PROGTYP.ds,LABISChrgOCTAV01OCTAVT_PROGTYP
ExtrOCTAVT_PROGTYPEITM.ds,LABISExtrOCTAV01OCTAVT_PROGTYPEITM
ExtrOCTAVT_PROGTYPEITM.ds,LABISChrgOCTAV01OCTAVT_PROGTYPEITM
ExtrOCTAVT_PUB.ds,LABISExtrOCTAV01OCTAVT_PUB
ExtrOCTAVT_PUB.ds,LABISChrgOCTAV01OCTAVT_PUB
ExtrOCTAVT_SERIE.ds,LABISExtrOCTAV01OCTAVT_SERIE
ExtrOCTAVT_SERIE.ds,LABISChrgOCTAV01OCTAVT_SERIE
ExtrOCTAVT_SYNCATLAS.ds,LABISExtrOCTAV01OCTAVT_SYNCATLAS
ExtrOCTAVT_SYNCATLAS.ds,LABISChrgOCTAV01OCTAVT_SYNCATLAS
ExtrOCTAVT_TITRDECLT.ds,LABISChrgOCTAV01OCTAVT_TITRDECLT
ExtrOCTAVT_TITRDECLT.ds,LABISExtrOCTAV01OCTAVT_TITRDECLT
ExtrOCTAVV_GREOEUV.ds,LABISExtrOCTAV01OCTAVV_GREOEUV
ExtrOCTAVV_GREOEUV.ds,LABISChrgOCTAV01OCTAVV_GREOEUV
ExtrOCTAV_EPISODE.ds,LABISExtrOCTAV05OCTAVT_EPISODE
ExtrOCTAV_EPISODE.ds,LABISChrgOCTAV05OCTAVT_EPISODE
ExtrOCTAV_IDE12ARCHIV.ds,LABISExtrOCTAV06OCTAVT_IDE12ARCHIV
ExtrOCTAV_IDE12ARCHIV.ds,LABISChrgOCTAV06OCTAVT_IDE12ARCHIV
ExtrOCTAV_OCTAVT_OEUV.ds,LABISChrgOCTAV01OCTAVT_OEUV
ExtrOCTAV_OCTAVT_OEUV.ds,LABISExtrOCTAV01OCTAVT_OEUV
ExtrOCTAV_OEUVDECLT.ds,LABISExtrOCTAV01OCTAVT_OEUVDECLT
ExtrOCTAV_OEUVDECLT.ds,LABISChrgOCTAV01OCTAVT_OEUVDECLT
ExtrOCTAV_TITRE.ds,LABISExtrOCTAV04OCTAVT_TITRE
ExtrOCTAV_TITRE.ds,LABISChrgOCTAV04OCTAVT_TITRE
PAR_FIC_CPTE_RENDU_REJETS_BL.csv,Jx_FEUILLET_01_CHG_CPTRENDU
PAR_FIC_CPTE_RENDU_REJETS_BL.csv,Jx_FEUILLET_03_CPTR_REJETS_BL
PAR_FIC_CPTE_RENDU_REJETS_NB.csv,Jx_FEUILLET_02_CPTR_REJETS_NB
PAR_FIC_CPTE_RENDU_REJETS_NB.csv,Jx_FEUILLET_01_CHG_CPTRENDU
PAR_LISTE_FIC_SRCE,Jx_FEUILLET_05_CONST_LISTE_FIC
PAR_NUM_COAD.csv,Jx_REPART_05_CONVERT_CSV_XLS_IDE12
PAR_NUM_COAD.csv,CopyOfJx_REPART_05_CONVERT_CSV_XLS_IDE12
PAR_NUM_COAD.csv,Jx_REPART_05_CONVERT_CSV_XLS_IDE12CMPLX
PAR_FIC_COPSS_AUTOFACT,Jx_FEUILLET_06_CTRL_COPSS_AUTOFACT
PAR_FIC_COPSS_DECOMPTE,Jx_FEUILLET_05_CTRL_COPSS_DECOMPTE
PAR_FIC_COPSS_RELEVE,Jx_FEUILLET_04_CTRL_COPSS_RELEVE
PAR_NUM_REPART,Jx_TRACO_01_EXTR_PENEF_INFOAD
PAR_NUM_REPART,Jx_TRACO_02_EXTR_PENEF_KEYLIG
PAR_NUM_REPART,Jx_TRACO_03_EXTR_PENEF_OEUVCTX
PAR_OSCAR_DATIME.csv,Jx_FEUILLET_01_CTRL_OSCAR
PAR_FIC_COPSS_ROUTAGE_EDIT,Jx_FEUILLET_02_CTRL_COPSS_ROUTAGE_EDIT
PAR_FIC_COPSS_ROUTAGE_EDIT,Jx_FEUILLET_02_APP_ROUTAGE_EDIT_OSCAR_PENEF
PAR_FIC_COPSS_ROUTAGE_GED,Jx_FEUILLET_03_CTRL_COPSS_ROUTAGE_GED
PAR_FIC_COPSS_ROUTAGE_GED,Jx_FEUILLET_03_APP_ROUTAGE_GED_OSCAR_PENEF
SocAndMndtrActifLastLogonTimestamp.csv,Jx_LABISValidODSfPORTL00Init01ChargeCnxPortail
ParFileJrnlPartition,PIVOTVerifPartition
ParFileListeFichier,PIVOTListeComplete
ParFileStatutPartition,PIVOTVerifPartition
ParFileStatutPartition,PIVOTListeComplete
ParFileTmp,PIVOTRegroupePartition
ParFileTypeTrc,PIVOTRegroupePartition
ParFileTypeTrc,PIVOTVerifPartition
RESERVOIR2.csv,Jx01_Enrichir_NumCatalogue_RESERVOIR_03
REVERB2.csv,Jx01_Enrichir_NumCatalogue_REVERB_03
ParFicCible,PENELExtrCrdUmpi02OraFfExtrPenef
FEUILLET_FICHIER_REJET_GLOBALE.csv,Jx_FEUILLET_01_CPTR_REJETS_FUSION
PAR_FIC_LISTE_COAD_IDE12CMPLX_EN,Jx_REPART_01_EXTR_BI_IDE12CMPLX
PAR_FIC_LISTE_COAD_IDE12CMPLX_EN,Jx_REPART_01_EXTR_BI_IDE12CMPLX_2
PAR_FIC_LISTE_COAD_IDE12CMPLX_FR,Jx_REPART_01_EXTR_BI_IDE12CMPLX
PAR_FIC_LISTE_COAD_IDE12CMPLX_FR,Jx_REPART_01_EXTR_BI_IDE12CMPLX_2
PAR_FIC_LISTE_COAD_IDE12_EN,Jx_REPART_01_EXTR_BI_IDE12
PAR_FIC_LISTE_COAD_IDE12_EN,Jx_REPART_01_EXTR_BI_IDE12_2
PAR_FIC_LISTE_COAD_IDE12_FR,Jx_REPART_01_EXTR_BI_IDE12
PAR_FIC_LISTE_COAD_IDE12_FR,Jx_REPART_01_EXTR_BI_IDE12_3
PAR_FIC_LISTE_COAD_IDE12_FR,Jx_REPART_01_EXTR_BI_IDE12_2
PAR_LISTE_DATDECLT_PROG_ELIZA_WEBDR,Jx_TRACO_03_RAP_WEBDR_ELIZA_PIVOT
PAR_LISTE_IDEXPLOIT_PENEL,Jx_TRACO_02_EXTR_PENEL_DATDECL_IDFIC_IDEXPLOIT
PAR_LISTE_IDFIC_PROG_ELIZA_WEBDR,Jx_TRACO_03_RAP_WEBDR_ELIZA_PIVOT
PAR_LISTE_PROG_ELIZA_WEBDR,Jx_TRACO_01_APP_WEBDR_ELIZA_PT
PAR_LISTE_PROG_ELIZA_WEBDR,Jx_TRACO_03_RAP_WEBDR_ELIZA_PIVOT
LISTE_PROG_01_APP_ELIZA_WEBDR_PT,Jx_TRACO_01_APP_ELIZA_WEBDR_PT
PAR_FIC_REJ.csv,Jx_FEUILLET_06_CREAT_REJ_VIDE
PAR_FIC_COPSS_RELEVE.csv,Jx_FEUILLET_04_CTRL_COPSS_RELEVE
PAR_FIC_COPSS_RELEVE.csv,Jx_FEUILLET_04_APP_ROUTAGE_EDIT_RELEVE
PAR_SELDR_DOCEX_DETAILLIVES.csv,Jx_TRACO_01_APP_ELIZA_WEBDR_PT
PAR_FIC_COPSS_DECOMPTE.csv,Jx_FEUILLET_05_CTRL_COPSS_DECOMPTE
PAR_FIC_COPSS_DECOMPTE.csv,Jx_FEUILLET_06_APP_ROUTAGE_EDIT_DECOMPTE
PAR_FIC_COPSS_AUTOFACT.csv,Jx_FEUILLET_06_CTRL_COPSS_AUTOFACT
PAR_FIC_COPSS_AUTOFACT.csv,Jx_FEUILLET_08_APP_ROUTAGE_EDIT_AUTOFACT
PAR_FIC_OSCAR.csv,Jx_FEUILLET_01_CTRL_OSCAR
PAR_FIC_COPSS_ROUTAGE_EDIT.csv,Jx_FEUILLET_02_CTRL_COPSS_ROUTAGE_EDIT
PAR_FIC_COPSS_ROUTAGE_EDIT.csv,Jx_FEUILLET_05_APP_RELEVE_ROUTAGE_EDIT
PAR_FIC_COPSS_ROUTAGE_EDIT.csv,Jx_FEUILLET_07_APP_DECOMPTE_ROUTAGE_EDIT
PAR_FIC_COPSS_ROUTAGE_EDIT.csv,Jx_FEUILLET_09_APP_AUTOFACT_ROUTAGE_EDIT
PAR_FIC_COPSS_ROUTAGE_GED.csv,Jx_FEUILLET_03_CTRL_COPSS_ROUTAGE_GED
PAR_FIC_SELDR,Jx_TRACO_01_EXTR_PENEF_INFOAD
PAR_FIC_SELDR,Jx_TRACO_01_EXTR_CTRL_WEBDR
PAR_FIC_SELDR,Jx_TRACO_02_EXTR_PENEF_KEYLIG
PAR_FIC_SELDR,Jx_TRACO_03_EXTR_PENEF_OEUVCTX
PAR_FIC_RESULTAT_AUTOFACT.csv,Jx_FEUILLET_01_FMT_ROUTAGE_EDIT_OSCAR_PENEF
PAR_FIC_RESULTAT_DECOMPTE.csv,Jx_FEUILLET_01_FMT_ROUTAGE_EDIT_OSCAR_PENEF
PAR_FIC_RESULTAT_EDIT_OSCAR.csv,Jx_FEUILLET_01_FMT_ROUTAGE_EDIT_OSCAR_PENEF
PAR_FIC_RESULTAT_GED_OSCAR.csv,Jx_FEUILLET_01_FMT_ROUTAGE_EDIT_OSCAR_PENEF
PAR_FIC_RESULTAT_RELEVE.csv,Jx_FEUILLET_01_FMT_ROUTAGE_EDIT_OSCAR_PENEF
SF_01_EXTR_PENEF_INFOAD_FILTRE.csv,Jx_TRACO_01_EXTR_PENEF_INFOAD_FILTRE
PAR_TRAITEMENT_DATE_TIME.csv,Jx_TRACO_07_FMT_ELIZA_WEBDR_PIVOT_PENEL_PENEF_Resultat_Final
PAR_TRAITEMENT_DATE_TIME.csv,Jx_TRACO_03_RAP_WEBDR_ELIZA_PIVOT
PAR_TRAITEMENT_DATE_TIME,Jx_TRACO_07_FMT_ELIZA_WEBDR_PIVOT_PENEL_PENEF_Resultat_Final
SF_EXTRACT_BI_IDE12CMPLX_EN.csv,Jx_REPART_02_CALC_MT_OEUV_IDE12CMPLX_CSV
SF_EXTRACT_BI_IDE12CMPLX_FR.csv,Jx_REPART_02_CALC_MT_OEUV_IDE12CMPLX_CSV
SF_EXTRACT_BI_IDE12_EN.csv,Jx_REPART_02_CALC_MT_OEUV_IDE12_CSV
SF_EXTRACT_BI_IDE12_FR.csv,Jx_REPART_02_CALC_MT_OEUV_IDE12_CSV
PAR_NOM_FIC_CATEL,Jx_ONIDE_01_FMT_ROUTAGE_EDIT_CATEL
SF_01_APP_WEBDR_ELIZA_PT.csv,Jx_TRACO_01_APP_ELIZA_WEBDR_PT
SF_01_WEBDR_ELIZA_PIVOT_PENEL_PENEF.csv,Jx_TRACO_02_WEBDR_ELIZA_PIVOT_PENEL_PENEF
SF_01_WEBDR_ELIZA_PIVOT_PENEL_PENEF.csv,Jx_TRACO_04_WEBDR_ELIZA_PIVOT_PENEL_OEUVCTX
SF_01_WEBDR_ELIZA_PIVOT_PENEL_PENEF.csv,Jx_TRACO_01_WEBDR_ELIZA_PIVOT_PENEL_PENEF
SF_02_APP_WEBDR_ELIZA_PT.csv,Jx_TRACO_01_APP_WEBDR_ELIZA_PT
SF_05_EXTR_RELATLIGOEUV_OEUVCTX_AD_INFOAD.csv,Jx_TRACO_05_EXTR_RELATLIGOEUV_OEUVCTX_AD_INFOAD
SF_Liste_COAD_IDE12_FR_01,Jx_REPART_02_ECLAT_LISTE_BI_IDE122
SF_Liste_COAD_IDE12_FR_,Jx_REPART_02_ECLAT_LISTE_BI_IDE122
SF_Liste_COAD_IDE12_FR_03,Jx_REPART_02_ECLAT_LISTE_BI_IDE122
SF_Liste_COAD_IDE12_FR_04,Jx_REPART_02_ECLAT_LISTE_BI_IDE122
SF_Liste_COAD_IDE12_FR_05,Jx_REPART_02_ECLAT_LISTE_BI_IDE122
SF_Liste_COAD_IDE12_FR_06,Jx_REPART_02_ECLAT_LISTE_BI_IDE122
SF_Liste_COAD_IDE12_FR_07,Jx_REPART_02_ECLAT_LISTE_BI_IDE122
SF_Liste_COAD_IDE12_FR_08,Jx_REPART_02_ECLAT_LISTE_BI_IDE122
SF_Liste_COAD_IDE12_FR_09,Jx_REPART_02_ECLAT_LISTE_BI_IDE122
SF_Liste_COAD_IDE12_FR_1,Jx_REPART_02_ECLAT_LISTE_BI_IDE122
SF_PROG_OEUV.csv,Jx_TRACO_03_EXTR_ELIZAT_PROG_OEUV_PJ_ANIS
ParFichierCible,Jx_SQL_CSV
ParFichierSQL,LABISProductionDMVertica00CreateSQL
ParFicRapprochVte,PIVOLExtrTitrPourUlyssEtPenel40OraExtrEtChrgVentes
ParFicRapprochVte,PIVOLExtrTitrPourUlyssEtPenel40OraExtrEtChrgVentes_TEST
ParFicRapprochVte,PIVOLExtrTitrPourUlyssEtPenel40OraExtrEtChrgVentes_TEST1
ParFicRapprochVte,PIVOLExtrTitrPourUlyssEtPenel40OraExtrEtChrgVentes_TEST1_ISO
ParFicRapprochVte,PIVOLExtrTitrPourUlyssEtPenel40OraExtrEtChrgVentes_TEST1_ISO_TEST
ParFicRapprochVte,CopyOfPIVOLExtrTitrPourUlyssEtPenel40OraExtrEtChrgVentes
ParFileListeFichierFinal,PIVOTListeComplete
ParFileSommePartition,PIVOTRegroupePartition
ParIdTypeTraitement,LABISStatsOracle01MailSuivi
ParIdTypeTraitement,LABISCommun04ValidInitialiseTraitement
ParIdTypeTraitement,LABISCommun03InitialiseTraitement
ParIdTypeTraitement,LABISCommun03InitialiseTraitementNoCtrl
ParIdTypeTraitement,LABISExtrSrc00ExtrOCTAVConnexion
ParIdTypeTraitement,LABISCommun09ExtrMaxIDTRAIT
ExtrSrcOCTAV_Run,LABISCheckLancementOCTAVOuiNon
ListeCnxVertica.txt,LABISProductionDMVertica02ExtrConnexionVertica
ListeRionVertica.txt,LABISProductionDMVertica01ExtrListeRion
ListeRionVerticaCA.txt,LABISProductionDMPENEFCAVertica01ExtrListeRion
ListeRionVerticaCAMCP.txt,LABISProductionDMCPTATTMCPVertica01ExtrListeRion
ListeRionVerticaNS.txt,LABISProductionDMPENEFNSVertica01ExtrListeRion
ListeRionVerticaVALID.txt,LABISProductionDMPENEFVALIDVertica01ExtrListeRion
NombreMoisCalcul.txt,Jx_LABISProductionDMColect01Prod00ExtrMoisCalcul
NumDatamartCADETAIL.txt,LABISProductionDMVertica02ExtrDatamartVertica
NumDatamartREFSOCIETAIRE.txt,LABISProductionDMVRefSocietaire02ExtrDatamartVertica
Statsdenuit_ListeTables.txt,SeqLABISStatsOracleExtrListeTables
penel_vertica.tmp,Jx_SqlFile_To_Vertica
OUT_Catalogues_RESERVOIR_2.csv,Jx01_Enrichir_NumCatalogue_RESERVOIR_03
OUT_Catalogues_REVERB_2.csv,Jx01_Enrichir_NumCatalogue_REVERB_03
test_header.csv,TEST_HEADER
REJETS_*.csv,Jx_FEUILLET_01_CPTR_REJETS_FUSION
REJETS_BL*.csv,Jx_FEUILLET_03_CPTR_REJETS_BL
REJETS_NB*.csv,Jx_FEUILLET_02_CPTR_REJETS_NB
PAR_FIC_WEBDR,Jx_TRACO_01_EXTR_CTRL_WEBDR
